RK|Name|University|POS|GP|MIN|PTS|FGM|FGA|FG%|3PM|3PA|3P%|FTM|FTA|FT%|REB|AST|STL|BLK|TO
1|Trae Young|OU|G|32|35.4|27.4|8.2|19.3|42.2|3.7|10.3|36.0|7.4|8.6|86.1|3.9|8.7|1.7|0.3|5.2
2|Kendrick Nunn|OAK|G|30|37.9|25.9|8.7|20.1|43.5|4.5|11.3|39.4|4.0|4.7|83.8|4.7|3.8|1.5|0.4|2.9
3|Jordan Howard|PUR|G|35|36.0|25.1|8.0|17.5|45.7|3.2|8.2|39.4|5.9|6.7|88.8|3.6|2.7|1.0|0.0|2.3
4|Chris Clemons|CAM|G|31|34.0|24.9|7.5|16.6|45.2|3.1|8.3|37.1|6.8|7.9|86.1|4.6|3.1|1.6|0.3|2.7
5|Justin Wright-Foreman|HOF|G|31|37.8|24.4|8.5|19.0|44.9|3.1|8.5|36.6|4.2|5.3|79.9|3.3|3.2|0.8|0.2|2.2
6|Mike Daum|SDSU|F|35|31.1|23.9|7.8|16.9|46.2|2.7|6.5|42.5|5.5|6.5|85.1|10.3|1.3|0.5|0.7|2.1
7|R.J. Cole|CONN|G|33|37.9|23.7|7.3|18.5|39.4|3.3|9.2|35.9|5.8|7.5|77.0|3.9|6.0|1.7|0.0|3.8
8|Demontrae Jefferson|TXSO|G|27|37.6|23.3|7.7|18.3|42.0|3.1|8.0|39.4|4.8|5.9|82.3|3.1|4.6|1.3|0.0|3.1
9|Jon Elmore|MRSH|G|36|38.3|22.7|6.8|15.4|43.9|2.7|7.6|35.6|6.4|7.8|82.6|5.8|6.8|1.6|0.4|3.7
10|Bryson Scott|PFW|G|33|31.1|22.6|7.5|16.4|45.7|1.5|5.1|29.6|6.1|7.5|81.8|4.5|2.6|2.0|0.2|2.8
11|Matt Morgan|COR|G|28|34.6|22.5|7.3|14.8|49.2|2.7|7.3|36.9|5.3|6.4|81.7|4.6|3.2|0.8|0.3|2.5
11|Andre Spight|UNCO|G|38|33.8|22.5|7.7|17.4|44.3|3.4|8.4|40.0|3.7|4.7|78.3|3.9|3.7|1.2|0.3|2.9
13|Tyler Nelson|FAIR|G|33|36.5|22.2|7.0|16.6|42.0|3.2|8.9|35.3|5.1|5.8|88.0|4.2|3.3|1.4|0.1|2.5
14|Fletcher Magee|WOF|G|34|33.6|22.1|7.4|15.4|48.4|4.4|9.9|43.9|2.9|3.1|90.7|2.9|1.7|0.9|0.1|1.7
15|Jerrick Harding|WEB|G|31|32.9|22.0|8.0|15.2|53.0|1.8|4.3|42.5|4.1|4.6|88.2|3.4|1.7|1.1|0.2|2.4
16|Junior Robinson|MSM|G|32|36.3|22.0|7.1|16.0|44.6|2.4|6.3|38.8|5.3|5.9|89.9|2.9|4.8|1.2|0.0|2.8
17|Garrison Mathews|LIP|G|33|30.4|21.7|6.5|13.9|46.5|2.7|7.2|38.1|6.0|7.5|79.9|5.5|1.8|1.0|0.3|2.2
18|Shamorie Ponds|SJU|G|30|37.0|21.6|7.5|17.9|42.0|1.6|6.2|25.3|5.0|5.8|85.7|5.0|4.7|2.3|0.1|2.7
19|Jonathan Stark|MUR|G|32|36.4|21.4|6.9|15.3|45.1|3.4|8.6|39.9|4.2|4.7|89.3|2.7|3.9|1.3|0.2|2.4
20|Ryan Taylor|NU|G|25|35.2|21.3|7.8|18.3|42.6|2.7|6.3|42.4|3.0|3.5|86.4|3.8|1.1|0.8|0.2|2.3
21|Peyton Aldridge|DAV|F|33|37.7|21.2|7.6|15.9|47.9|2.3|6.1|38.1|3.6|4.3|85.1|7.6|2.5|0.4|0.6|1.2
22|Kelan Martin|BUT|F|35|35.7|21.2|7.4|16.6|44.7|2.7|7.5|36.4|3.7|4.4|84.4|6.3|2.0|0.7|0.5|2.4
23|Marcus Simonds|GAST|G|35|34.9|21.2|7.9|17.2|46.1|1.2|4.1|29.2|4.2|5.9|70.2|5.7|4.4|1.7|0.7|3.6
24|Luwane Pipkins|PROV|G|32|34.8|21.2|7.1|16.6|43.0|3.3|7.8|42.6|3.6|4.6|78.8|3.6|4.0|1.5|0.0|3.4
25|Bogdan Bliznyuk|EWU|G|35|35.1|21.2|7.6|14.3|52.8|1.3|3.2|39.8|4.7|5.3|90.2|6.8|3.9|0.8|0.3|3.4
26|Jock Landale|SMC|C|36|33.3|21.1|8.4|13.1|64.0|0.1|0.3|30.0|4.3|5.8|74.6|10.2|2.0|0.4|1.0|2.3
27|Jahad Thomas|UML|G|27|36.3|21.1|7.8|15.2|51.5|0.6|1.6|36.4|4.9|7.0|69.8|8.4|4.0|1.8|0.3|3.5
28|Nick King|MTSU|F|33|32.9|21.0|7.8|15.8|49.5|1.3|3.3|38.9|4.1|5.5|73.2|8.4|2.0|0.7|0.2|2.8
28|Marvin Bagley |IIIDUKE|F|33|33.9|21.0|8.2|13.3|61.4|0.7|1.8|39.7|4.0|6.3|62.7|11.1|1.5|0.8|0.9|2.3
30|Kahlil Dukes|NIA|G|33|33.9|21.0|6.8|14.6|46.5|2.9|6.9|41.7|4.5|5.0|90.9|2.2|3.3|0.8|0.0|2.5
31|Tramaine Isabell|SLU|G|28|34.4|21.0|7.2|15.2|47.4|1.8|5.3|34.0|4.8|6.2|76.4|7.5|3.4|1.2|0.0|2.9
32|BJ Johnson|LAS|G|27|35.2|20.8|7.2|16.1|44.6|1.7|4.9|35.9|4.7|5.4|86.9|8.3|0.7|1.3|0.7|2.5
33|Jerome Robinson|BC|G|35|36.0|20.7|7.1|14.7|48.5|2.3|5.7|40.9|4.2|5.0|83.0|3.6|3.3|0.9|0.1|2.7
34|Eugene German|NIU|G|32|31.0|20.6|7.6|16.1|47.1|1.9|5.7|33.9|3.5|4.5|76.6|3.8|1.7|0.9|0.2|2.1
35|Joel Hernandez|LIU|G|35|32.9|20.5|7.3|15.9|46.1|1.7|4.4|37.4|4.2|6.4|66.4|5.8|2.6|0.5|0.5|3.0
36|Kevin Hervey|UTA|F|33|32.2|20.5|7.4|16.5|44.6|2.3|6.9|33.9|3.4|4.2|80.7|8.5|2.2|1.2|0.6|2.7
37|Andrew Rowsey|MARQ|G|35|32.7|20.5|5.9|14.1|42.0|3.6|8.6|41.5|5.0|5.5|90.2|3.0|4.8|0.9|0.2|2.8
37|Zach Thomas|BUCK|F|35|31.8|20.5|5.9|12.7|46.2|1.8|4.7|38.2|6.9|8.9|77.7|9.1|2.1|1.0|0.7|2.9
39|Markus Howard|MARQ|G|34|31.5|20.4|7.0|15.1|46.4|3.3|8.1|40.4|3.1|3.3|93.8|3.2|2.8|1.0|0.1|2.5
40|Charles Williams|HOW|G|33|35.5|20.4|7.7|17.2|44.6|2.2|5.5|40.9|2.8|3.6|78.2|3.4|0.6|0.8|0.3|1.8
41|Aaron Holiday|UCLA|G|33|37.7|20.3|6.4|13.9|46.1|2.7|6.2|42.9|4.8|5.8|82.8|3.7|5.8|1.3|0.2|3.8
42|Nick Dixon|RGV|G|33|29.6|20.3|6.0|13.3|44.8|1.6|4.6|35.3|6.7|8.5|79.6|4.4|2.4|1.4|0.2|2.5
43|Jairus Lyles|UMBC|G|33|34.9|20.2|6.8|15.5|43.9|2.4|6.1|39.0|4.2|5.2|79.2|5.5|3.5|2.1|0.2|3.1
44|Deandre Ayton|ARIZ|F|35|33.5|20.1|7.9|12.9|61.2|0.3|1.0|34.3|4.0|5.5|73.3|11.6|1.6|0.6|1.9|2.0
45|Zach Lofton|NMSU|G|33|31.5|20.1|6.6|14.4|45.6|2.6|6.9|38.0|4.3|5.6|77.2|5.1|1.7|1.1|0.1|2.2
46|C.J. Burks|MRSH|G|35|35.9|20.1|7.4|15.7|47.2|2.5|6.7|36.4|2.7|3.1|88.9|4.1|3.1|1.0|0.1|3.1
47|Chandler Hutchison|BOIS|G|31|31.0|20.0|6.6|13.9|47.5|1.5|4.1|35.9|5.3|7.2|72.8|7.7|3.5|1.5|0.3|3.4
48|Zane Martin|TOW|G|32|30.2|19.8|7.1|15.4|45.8|2.2|5.8|38.0|3.5|5.0|69.6|3.5|2.7|0.8|0.2|2.4
49|Marcus Foster|CREI|G|33|31.6|19.8|7.5|15.4|48.3|2.9|7.0|41.3|2.0|2.7|74.4|3.9|2.7|1.0|0.1|2.2
50|Keita Bates-Diop|OSU|F|34|33.1|19.8|7.3|15.1|48.0|1.9|5.4|35.9|3.3|4.1|79.4|8.7|1.6|0.9|1.6|1.8
51|Roddy Peters|NICH|G|32|26.8|19.7|7.2|13.9|51.5|0.3|1.2|28.9|5.0|6.6|76.2|5.9|4.2|1.4|0.2|3.8
52|Tony Carr|PSU|G|37|35.4|19.6|6.6|16.2|40.8|2.4|5.5|43.3|4.0|5.0|79.9|4.9|5.0|0.8|0.3|2.3
53|Roosevelt Smart|UNT|G|38|33.5|19.5|5.8|14.7|39.7|3.5|9.3|37.8|4.4|4.9|88.8|4.2|0.9|0.6|0.3|1.7
54|Paul Miller|NDSU|G|31|33.8|19.5|6.7|14.9|45.1|2.2|6.4|34.0|3.9|4.7|83.6|5.8|3.4|1.0|0.3|3.1
55|Reid Travis|UK|F|35|34.0|19.5|7.1|13.5|52.7|0.5|1.7|29.5|4.7|6.9|67.5|8.7|1.3|0.7|0.1|2.1
56|Kyle Allman Jr.|CSUF|G|32|32.9|19.5|6.2|12.7|48.9|1.4|3.3|42.9|5.7|7.6|74.6|3.5|2.3|1.1|0.2|2.3
57|Trevon Bluiett|XAV|G|35|34.3|19.3|5.8|13.2|43.7|3.0|7.2|41.7|4.8|5.6|84.8|5.5|2.5|0.7|0.3|2.0
58|Denzel Mahoney|CREI|G|31|31.3|19.3|5.7|12.3|46.3|2.1|5.0|41.3|5.9|7.0|83.5|5.1|1.3|0.9|0.2|1.6
59|Yante Maten|UGA|F|33|34.3|19.3|6.3|13.5|46.4|0.9|2.6|34.1|5.8|7.3|80.1|8.6|1.5|0.5|1.5|2.0
60|Rob Gray|HOU|G|34|31.9|19.3|6.4|14.4|44.7|1.8|5.0|35.9|4.6|5.8|80.2|3.7|4.4|1.1|0.1|2.3
61|Tyus Battle|SYR|G|37|39.0|19.2|6.3|15.8|39.9|2.1|6.5|32.2|4.5|5.4|83.9|2.9|2.1|1.5|0.2|2.4
62|Gary Blackston|PV|G|33|32.2|19.2|6.6|15.0|43.9|1.3|3.7|35.8|4.7|6.6|71.9|5.3|3.5|1.5|0.1|3.0
63|Reed Timmer|DRKE|G|34|33.4|19.2|5.5|12.4|44.5|2.7|6.6|41.3|5.4|6.2|86.3|3.6|2.3|0.6|0.1|1.9
64|Collin Sexton|ALA|G|33|29.9|19.2|5.9|13.3|44.7|1.3|4.0|33.6|5.9|7.6|77.8|3.8|3.6|0.8|0.1|2.8
65|Max Heidegger|UCSB|G|32|32.9|19.1|6.1|14.1|43.2|3.0|7.3|40.4|4.0|5.2|76.5|2.5|2.5|0.6|0.1|1.6
66|Jaylen Adams|SBU|G|28|37.0|19.1|5.5|12.5|43.7|2.7|6.1|43.6|5.5|6.5|85.1|3.4|5.2|1.5|0.3|3.1
67|Matt Scott|NIA|G|29|33.1|19.1|6.2|14.6|42.4|1.7|5.2|31.6|5.1|7.2|71.2|7.3|2.6|1.1|0.5|2.2
68|Victor Sanders|IDHO|G|31|30.7|19.0|5.9|12.8|45.7|2.6|6.7|38.8|4.6|6.0|77.8|3.5|3.3|1.0|0.5|3.1
69|Justin Tillman|VCU|F|33|30.7|18.9|7.5|13.5|55.7|0.8|2.5|32.9|3.1|4.7|65.4|9.9|0.5|0.3|1.0|1.7
70|Justin James|WYO|G|32|31.2|18.9|6.6|13.9|47.2|1.3|4.1|30.8|4.6|6.3|72.6|6.0|3.1|1.1|0.5|2.5
71|Brandon Tabb|BCU|G|30|31.3|18.9|5.7|14.4|39.7|3.2|9.6|33.7|4.2|4.6|91.4|3.6|1.6|1.5|0.4|2.3
72|Jalen Brunson|USA|PG|40|31.8|18.9|6.8|13.0|52.1|2.2|5.3|40.8|3.3|4.1|80.2|3.1|4.6|0.9|0.0|1.8
73|Caleb Martin|NEV|F|36|33.3|18.9|6.2|13.6|45.4|2.8|6.9|40.3|3.7|5.0|74.9|5.4|2.6|1.3|0.6|1.7
73|Jeremiah Martin|MEM|G|27|34.7|18.9|5.8|13.1|44.4|1.9|5.8|32.7|5.4|6.9|78.4|4.3|3.8|2.3|0.6|2.7
75|Tookie Brown|GASO|G|32|32.3|18.9|5.9|11.1|53.2|1.5|3.3|47.1|5.5|7.3|75.3|4.1|4.3|1.8|0.3|2.5
76|Cameron Young|QUIN|G|33|34.1|18.8|5.7|13.4|42.2|1.9|6.4|30.3|5.6|7.4|75.4|6.8|2.8|1.3|0.3|2.8
77|Thomas Wilder|WMU|G|32|32.8|18.8|6.0|13.8|43.1|1.5|4.5|32.4|5.4|6.5|84.1|4.4|4.3|1.9|0.3|2.5
78|Jalen Hayes|OAK|F|29|35.7|18.8|7.3|13.9|52.5|0.2|0.8|21.7|4.0|4.9|83.0|8.1|2.0|1.0|0.9|2.4
79|Jermaine Marrow|HAMP|G|35|34.3|18.8|6.6|16.6|39.5|1.2|4.0|30.0|4.5|5.6|79.2|5.0|5.4|1.2|0.0|3.4
80|Tanner Leissner|UNH|F|31|35.8|18.7|6.3|13.9|45.1|1.2|3.7|33.0|4.9|6.4|76.9|6.9|2.0|0.5|0.3|1.6
81|Matt Mooney|TTU|G|34|30.6|18.7|6.7|15.0|44.5|2.2|6.4|35.2|3.1|3.8|82.9|4.1|3.1|2.0|0.1|2.4
82|Rodrick Sikes|USA|G|32|31.2|18.7|5.6|13.2|42.3|2.8|7.4|37.0|4.8|6.2|77.7|3.1|0.8|0.9|0.2|1.9
83|Joseph Kilgore|AMCC|G|29|35.1|18.6|6.3|15.6|40.6|1.3|3.7|34.3|4.7|6.0|79.2|5.6|3.3|1.8|0.6|3.0
84|Brandon Goodwin|FGCU|G|34|33.4|18.6|6.6|13.9|47.0|1.2|4.5|27.5|4.2|5.6|75.0|5.5|4.8|1.4|0.1|2.9
85|Grant Riller|COFC|G|33|33.6|18.6|7.0|12.8|54.5|1.7|4.3|39.4|2.9|4.0|72.9|2.8|2.0|1.3|0.4|1.9
86|Martaveous McKnight|UAPB|G|35|33.8|18.6|6.2|13.7|45.2|1.8|5.2|35.2|4.3|6.0|72.4|4.3|3.5|1.9|0.1|2.6
87|eed Nelson|AMER|G|29|37.0|18.6|6.6|14.9|44.3|1.0|3.3|29.2|4.4|6.5|68.1|3.6|5.1|1.8|0.2|3.8
88|Carsen Edwards|PUR|G|37|29.5|18.5|6.2|13.5|45.8|2.6|6.5|40.6|3.5|4.3|82.4|3.8|2.8|1.1|0.2|1.7
89|Nathan Knight|W&M|F|31|28.7|18.5|6.6|11.5|57.5|0.4|1.2|30.6|4.8|6.3|76.9|7.3|2.2|0.6|2.0|2.7
90|Gabe Levin|LBSU|F|32|31.0|18.5|6.1|13.3|45.5|0.7|1.9|37.7|5.6|6.9|81.4|7.2|1.6|1.0|0.7|2.9
91|Ronshad Shabazz|APP|G|33|32.7|18.5|6.2|15.6|40.0|2.4|7.1|34.3|3.5|5.2|68.8|2.5|3.0|1.1|0.1|2.4
92|Donte Clark|TXSO|G|36|34.8|18.4|5.6|14.1|40.1|1.2|4.1|28.2|6.0|7.8|77.4|5.2|2.6|1.1|0.3|2.8
93|Stuckey Mosley|JMU|G|32|35.6|18.4|6.2|15.1|41.3|2.7|7.2|36.8|3.3|4.0|84.3|4.5|2.1|1.4|0.2|2.0
94|Jhivvan Jackson|UTSA|G|29|25.7|18.4|6.0|13.9|43.1|2.7|7.2|36.8|3.8|4.9|76.8|3.2|1.8|1.0|0.1|2.4
95|Khalil Small|GB|G|33|34.2|18.2|6.1|13.8|44.3|1.6|4.2|38.4|4.5|5.4|83.1|6.7|3.3|1.3|0.1|2.7
96|Josh Okogie|GT|G|24|36.4|18.2|5.5|13.3|41.6|1.6|4.2|38.0|5.5|6.8|82.1|6.3|2.5|1.8|1.0|2.5
97|Tra Holder|ASU|G|32|35.1|18.2|5.5|13.6|40.7|2.2|5.8|36.9|5.0|5.9|83.7|4.2|3.4|1.3|0.0|2.4
98|Elijah Bryant|BYU|G|35|34.7|18.2|5.8|11.7|49.4|2.4|5.9|41.5|4.2|4.9|85.0|6.3|2.3|1.3|0.5|2.3
99|Jamaal King|SFPA|G|31|30.9|18.2|6.3|13.3|47.3|1.7|5.0|34.0|3.9|4.7|81.6|3.1|3.5|1.2|0.0|3.1
100|Desmond Williams|FAMU|F|34|35.6|18.1|6.5|14.8|43.8|0.3|1.2|26.8|4.8|6.5|73.9|6.1|1.9|1.2|0.8|2.9
101|Shaun Fletcher|TOL|G|33|32.9|18.1|6.2|13.4|46.3|1.5|4.2|35.0|4.2|5.9|71.3|8.0|4.3|0.8|0.2|2.4
101|Allonzo Trier|ARIZ|G|33|34.1|18.1|5.6|11.2|50.0|2.1|5.6|38.0|4.8|5.6|86.5|3.0|3.2|0.6|0.3|2.1
103|Matt Mobley|SBU|G|34|37.6|18.1|5.5|13.1|41.8|3.1|8.3|37.2|4.0|4.7|86.2|5.0|2.4|1.1|0.1|2.4
104|Ryan Welage|XAV|F|30|34.6|18.1|6.4|13.8|46.1|2.0|4.7|42.9|3.3|3.8|87.7|5.4|1.4|0.6|0.2|1.8
104|Jalen Adams|CONN|G|30|38.1|18.1|6.9|16.1|43.0|1.6|4.9|32.4|2.6|3.3|79.6|4.2|4.7|1.5|0.3|2.9
106|Joe Chealey|COFC|G|34|35.4|18.0|5.0|12.6|39.3|1.8|5.2|34.8|6.2|7.2|85.8|4.6|3.6|0.9|0.1|1.7
107|Kellan Grady|UK|G|33|35.2|18.0|6.6|13.2|50.1|2.2|5.9|37.2|2.5|3.1|80.4|3.3|1.9|0.8|0.1|1.0
108|Nick Mayo|EKU|F|31|34.3|18.0|6.5|12.4|52.6|1.1|2.4|44.6|3.9|4.6|83.9|6.7|2.2|0.8|1.5|3.2
109|Jordon Varnado|TROY|F|26|31.2|18.0|6.7|14.0|47.8|1.0|3.5|28.9|3.6|4.8|73.8|7.0|1.7|0.7|1.4|2.2
110|Jaylen Barford|ARK|G|35|31.3|17.9|6.4|13.6|47.0|2.5|5.7|43.3|2.7|3.7|72.1|3.9|2.5|1.0|0.3|1.9
111|Vasa Pusica|NE|G|33|34.3|17.9|5.7|11.4|50.4|2.3|5.4|42.7|4.2|5.2|80.7|3.6|5.1|1.1|0.1|3.4
112|Justin Strings|SAC|F|32|36.2|17.9|7.0|16.3|42.7|0.9|3.3|28.3|3.0|4.9|61.8|7.0|2.3|0.6|0.9|2.3
113|Ethan Happ|WIS|F|33|30.8|17.9|7.3|13.9|52.8|0.0|0.3|9.1|3.2|5.8|55.0|8.0|3.7|1.5|1.1|2.8
114|Jessie Govan|GTWN|C|30|32.7|17.9|6.7|13.2|50.8|0.5|1.5|34.8|3.9|5.2|76.1|10.0|2.0|0.6|1.1|1.7
115|Joe Cremo|VILL|G|32|35.3|17.8|5.7|12.4|45.8|2.4|5.2|45.8|4.1|5.0|81.9|4.1|3.8|0.8|0.3|2.1
116|Yoeli Childs|BYU|F|35|34.0|17.8|7.0|13.0|54.1|0.4|1.4|31.3|3.3|5.2|64.3|8.6|2.2|0.9|1.8|2.2
117|James Batemon|LMU|G|30|35.0|17.8|5.6|11.7|47.7|1.4|3.7|39.1|5.2|6.5|80.1|3.6|4.6|1.2|0.0|2.9
118|Kameron Chatman|DETM|G|29|32.6|17.8|6.3|13.4|47.2|2.1|5.0|41.4|3.1|3.7|84.9|8.3|2.1|1.2|0.4|2.0
119|Deshon Taylor|FRES|G|32|33.8|17.8|4.8|11.0|43.9|1.8|4.8|38.6|6.3|7.5|83.3|3.2|2.6|1.5|0.2|2.5
120|Frank Bartley |IVUL|G|33|30.7|17.8|5.4|12.5|43.3|2.6|6.9|38.3|4.3|5.0|86.0|3.6|2.0|1.4|0.1|1.9
121|Jordan Caroline|NEV|F|37|34.8|17.7|6.0|12.6|47.4|1.0|3.0|32.4|4.8|6.8|70.9|8.6|2.2|0.7|0.2|1.9
122|Hayden Dalton|WYO|F|33|33.3|17.7|5.8|12.6|45.8|2.6|6.4|40.3|3.6|4.3|83.8|7.8|2.6|0.9|0.5|2.5
123|Devontae Cacok|UNCW|F|32|29.4|17.7|6.9|11.8|58.5|0.0|0.0|0.0|3.8|6.3|61.2|13.5|0.9|1.0|0.6|2.3
124|Mikal Bridges|USA|SF|40|32.1|17.7|6.1|11.9|51.4|2.6|6.0|43.5|2.9|3.4|85.1|5.3|1.9|1.5|1.1|1.4
125|Zach Jackson|OMA|G|31|31.8|17.6|6.2|11.8|52.3|1.4|3.2|42.9|3.9|4.7|82.3|6.4|0.9|1.1|0.4|2.2
126|Christian Keeling|UNC|G|28|33.6|17.6|6.0|14.2|42.6|1.6|5.1|31.5|4.0|5.0|79.3|5.2|2.0|1.3|0.4|2.4
127|Wesley Person|TROY|G|33|34.0|17.6|5.3|12.6|41.8|2.9|7.8|37.9|4.2|5.1|82.0|2.9|1.8|0.7|0.0|1.8
128|Ky Bowman|BC|G|35|38.2|17.6|6.3|14.9|42.2|2.3|6.3|36.2|2.7|3.4|80.7|6.8|4.7|1.5|0.3|3.2
129|Tres Tinkle|ORST|F|32|36.4|17.6|6.0|12.7|47.2|1.5|4.6|32.7|4.1|4.9|84.0|7.2|3.7|1.4|0.6|2.9
130|Mike Smith|MICH|G|27|34.0|17.6|5.8|14.9|39.0|1.8|5.9|30.8|4.1|4.9|84.2|2.6|4.6|1.1|0.0|2.2
131|Keenan Evans|TTU|G|36|29.5|17.6|5.4|11.4|47.1|1.3|4.2|32.0|5.5|6.7|81.7|3.1|3.2|1.1|0.3|1.9
132|Martez Walker|OAK|G|26|37.1|17.6|5.3|11.5|46.2|2.1|6.2|33.3|4.9|6.3|77.9|4.1|1.6|0.9|0.6|1.7
133|Dachon Burke Jr.|NEB|G|32|32.6|17.6|6.6|14.3|45.9|1.4|4.1|33.8|3.1|4.9|62.8|5.8|2.5|2.1|0.5|2.7
134|Jon Davis|CLT|G|29|36.4|17.6|5.5|14.0|39.2|1.7|5.0|32.9|4.9|6.2|79.0|3.8|5.5|0.9|0.3|3.9
135|Tyler Hall|MTST|G|31|32.1|17.5|5.6|13.8|40.7|3.2|8.6|37.2|3.1|3.5|90.7|3.7|2.8|0.8|0.4|1.8
136|Desi Rodriguez|HALL|F|31|30.3|17.5|6.6|13.2|49.8|1.8|4.8|37.3|2.5|3.4|73.6|4.8|2.0|1.0|0.5|2.0
136|KJ Feagin|SDSU|G|31|35.0|17.5|6.5|14.6|44.3|2.0|5.3|37.2|2.5|2.9|86.8|2.1|4.0|0.8|0.1|2.3
138|David Efianayi|GWEB|G|32|32.6|17.5|5.7|13.1|43.7|1.6|4.4|36.2|4.4|5.5|80.7|3.6|2.5|1.3|0.2|2.6
139|Ryan Daly|JOES|G|28|37.5|17.5|6.4|14.8|43.1|1.6|5.3|31.1|3.1|4.9|63.5|6.2|2.4|1.2|0.1|1.3
140|Shavar Newkirk|JOES|G|32|34.1|17.4|5.4|13.8|38.8|1.6|5.0|32.7|5.1|6.6|76.4|4.3|3.9|1.6|0.2|1.8
141|Jordan Barnes|INST|G|31|33.7|17.4|5.4|13.1|41.4|3.8|9.0|42.1|2.8|3.3|85.3|3.9|3.6|1.2|0.1|2.8
142|Robert Franks|WSU|F|30|33.0|17.4|5.8|12.3|47.6|2.2|5.4|40.5|3.5|4.1|85.4|6.6|1.9|0.5|1.0|2.3
143|Brandon Anderson|BRWN|G|27|33.9|17.3|4.9|13.0|37.8|1.2|4.2|28.9|6.3|7.3|86.2|2.7|3.9|1.5|0.1|3.0
143|Desmond Cambridge Jr.|ASU|G|27|30.0|17.3|5.9|14.8|40.1|2.5|7.5|33.5|3.0|3.9|76.9|4.5|1.2|1.1|1.0|1.4
145|Monty Scott|EMU|G|29|31.8|17.3|6.5|15.6|41.6|1.9|5.5|34.0|2.5|3.1|80.0|2.4|2.2|1.7|0.2|2.7
146| Graham|KU|G|39|37.8|17.3|5.1|12.8|40.0|2.8|6.9|40.6|4.3|5.2|82.7|4.0|7.2|1.6|0.1|2.8
147|Dylan Windler|BEL|G|33|35.4|17.3|6.2|11.1|55.9|2.1|4.9|42.6|2.8|4.0|71.8|9.3|2.7|1.0|0.9|2.4
147|Otis Livingston |IIGMU|G|33|36.3|17.3|5.8|13.4|43.6|2.0|5.2|38.2|3.6|4.2|85.7|3.2|4.4|1.0|0.1|2.6
149|Jevon Carter|WVU|G|37|35.5|17.3|5.8|13.8|42.2|2.1|5.3|39.3|3.6|4.2|85.8|4.6|6.6|3.0|0.4|2.6
150|Blake Francis|RICH|G|32|32.7|17.3|5.7|13.2|43.0|3.2|7.9|40.2|2.7|3.4|80.6|1.9|1.7|1.6|0.0|1.5
151|Raiquan Clark|LIU|G|35|32.2|17.3|5.9|10.6|55.6|0.2|0.8|24.1|5.2|7.0|75.0|7.0|1.5|1.1|0.4|4.1
152|James Palmer Jr.|NEB|G|33|31.0|17.2|5.5|12.4|44.4|1.3|4.2|30.9|4.9|6.7|73.8|4.4|3.0|1.0|0.5|2.2
153|Xavier Cooks|AUS|G|30|29.8|17.2|6.5|12.8|50.4|0.7|2.2|31.8|3.6|5.3|66.9|8.8|3.6|1.0|2.1|3.3
154|Ahmaad Rorie|MONT|G|34|35.8|17.2|6.1|14.4|42.2|1.7|5.1|33.9|3.3|3.9|85.0|3.9|3.7|1.2|0.1|2.0
155|Keith Braxton|SFPA|G|31|35.2|17.2|5.8|12.2|47.5|1.3|3.5|36.7|4.3|5.4|79.5|9.5|3.3|1.7|0.6|2.6
156|Jace Hogan|JAX|F|27|30.7|17.1|7.2|13.9|51.6|0.1|0.3|33.3|2.7|3.9|68.6|6.6|1.2|0.8|0.5|1.9
157|Joel Berry |IIUNC|G|36|33.1|17.1|5.8|14.6|39.6|2.6|7.5|34.4|3.0|3.4|89.3|3.5|3.2|1.2|0.3|1.9
158|Miles Bridges|MSU|G|34|31.4|17.1|6.1|13.4|45.7|2.1|5.7|36.4|2.7|3.2|85.3|7.0|2.7|0.6|0.8|2.0
159|Deven Simms|ARST|G|24|30.7|17.1|6.1|12.8|47.4|1.3|3.3|37.5|3.7|5.0|73.3|6.1|1.8|1.4|0.4|2.7
160|Brian Parker|MRST|G|30|32.4|17.1|5.5|11.7|47.1|1.0|3.0|32.2|5.1|7.2|70.8|5.3|3.4|0.5|0.1|4.0
161|Jermaine Crumpton|CAN|F|33|32.2|17.1|6.2|12.9|48.1|1.4|4.5|32.0|3.2|4.2|76.3|5.4|1.5|0.7|0.5|1.8
162|Drew McDonald|NKU|F|32|30.6|17.0|6.1|13.2|46.4|1.7|5.1|33.7|3.0|3.8|80.2|9.6|2.3|0.5|0.5|2.2
163|CJ Massinburg|BUFF|G|36|33.9|17.0|5.4|11.6|46.8|2.5|6.1|40.5|3.6|4.9|74.3|7.3|2.4|1.1|0.4|1.6
164|Brayon Blake|IDHO|F|31|29.0|17.0|6.5|13.0|50.0|1.7|3.7|44.8|2.3|3.4|66.0|9.6|1.2|0.7|0.5|1.9
164|Marcus Barham|FAMU|G|31|36.0|17.0|5.5|13.9|39.2|2.7|7.5|36.3|3.3|4.0|83.7|4.3|1.9|0.8|0.2|3.0
166|Brandon McCoy|UNLV|F|33|28.8|16.9|6.3|11.6|54.5|0.1|0.3|33.3|4.2|5.8|72.5|10.3|0.5|0.5|1.8|2.6
167|Chris Cokley|UAB|F|32|27.2|16.9|6.8|11.8|58.2|0.0|0.1|0.0|3.3|4.0|81.9|8.6|1.5|0.6|0.4|1.5
167|Jeff Roberson|VAN|F|32|34.4|16.9|5.1|10.7|47.8|1.9|4.8|40.5|4.8|5.6|85.4|7.1|1.5|0.9|0.3|1.5
167|Aaron Calixte|OU|G|32|33.2|16.9|5.8|12.3|47.6|1.9|4.9|38.6|3.3|3.7|89.9|3.1|3.2|0.9|0.1|3.8
170|Jordon Talley|UNCW|G|31|30.3|16.9|5.8|13.6|42.3|2.4|6.0|40.1|2.9|3.6|80.5|2.8|5.7|1.0|0.1|2.5
171|Pookie Powell|LAS|G|30|36.8|16.9|5.9|14.7|40.3|1.9|5.9|31.6|3.2|3.9|80.5|4.2|4.3|0.8|0.1|2.6
171|James Demery|JOES|F|30|34.1|16.9|6.5|13.6|47.7|0.7|2.6|27.8|3.2|5.0|63.8|5.5|1.1|1.2|0.3|1.5
173|Luke Maye|UNC|F|37|32.2|16.9|6.8|13.9|48.6|1.4|3.1|43.1|2.0|3.2|62.4|10.1|2.4|1.0|1.0|1.9
174|Isaiah Reese|CAN|G|33|33.4|16.9|6.1|13.1|46.3|2.5|7.0|35.9|2.2|2.5|88.1|5.8|4.7|2.2|0.2|2.6
175|Bryant Crawford|WAKE|G|31|31.8|16.9|5.3|12.8|41.3|1.8|5.1|35.8|4.5|5.1|86.8|2.9|4.9|1.5|0.2|3.3
176|Elijah Minnie|EMU|F|35|31.4|16.8|6.0|13.3|45.3|2.2|6.6|33.8|2.6|3.1|84.3|6.1|1.1|1.8|1.9|2.3
177|Jared Terrell|URI|G|34|33.2|16.8|5.6|13.1|42.7|2.2|5.3|41.4|3.4|4.1|82.1|3.5|2.4|1.5|0.2|1.7
178|Amanze Egekeze|BEL|F|33|34.5|16.8|5.6|11.1|50.7|2.9|6.8|42.5|2.7|3.4|80.2|6.2|0.9|0.6|0.2|1.3
179|Jordan Murphy|MINN|F|32|31.8|16.8|6.3|12.0|52.5|0.3|1.1|31.4|3.8|5.5|69.9|11.3|1.4|1.2|1.0|2.6
180|Max Strus|DEP|G|31|35.6|16.8|5.5|13.5|40.8|2.6|7.8|33.3|3.2|3.9|80.3|5.6|2.7|1.3|0.5|2.6
181|Divine Myles|STET|G|31|34.7|16.8|6.1|12.3|49.9|1.1|3.5|31.2|3.4|4.7|73.1|4.5|4.2|1.6|0.1|1.6
182|Daryl Macon|ARK|G|35|30.9|16.8|5.0|11.1|44.7|2.4|5.8|42.1|4.4|5.0|87.5|2.9|3.9|1.0|0.1|1.8
183|MaCio Teague|BAY|G|34|35.3|16.7|5.3|12.7|41.8|2.9|6.7|42.5|3.2|3.7|86.6|4.4|2.5|1.6|0.1|2.1
184|Erick Neal|UTA|G|33|34.5|16.7|5.7|13.1|43.4|2.8|7.3|38.4|2.5|3.3|76.1|4.2|6.7|2.0|0.1|3.7
185|Daniel Utomi|USC|G|32|34.5|16.7|5.5|12.2|45.0|2.8|6.8|40.2|3.0|3.9|77.0|5.3|1.9|0.9|0.3|2.1
186|Lindell Wigginton|ISU|G|31|33.0|16.7|5.5|13.3|41.4|2.2|5.5|40.1|3.5|5.2|66.0|3.7|2.8|0.9|0.4|3.0
186|Tyler Kohl|CCSU|F|31|34.8|16.7|5.8|13.8|42.2|1.4|4.8|29.1|3.7|4.7|78.8|8.2|4.1|1.4|0.1|3.7
188|Tavrion Dawson|CSUN|F|30|33.0|16.7|6.5|14.7|44.2|0.9|3.5|25.7|2.8|3.9|71.2|6.6|2.0|0.9|0.7|2.3
189|Devin Cannady|PRIN|G|29|36.7|16.7|5.7|12.5|45.2|2.8|7.0|39.4|2.6|3.0|88.4|5.4|1.7|0.8|0.1|1.5
190|Stone Gettings|ARIZ|F|28|26.8|16.7|5.9|12.1|48.7|1.5|4.2|36.8|3.4|4.1|82.5|6.6|2.9|0.7|0.5|2.3
191|Nate Mason|MINN|G|31|34.1|16.7|5.4|13.8|39.3|2.5|6.4|39.1|3.4|4.3|77.6|3.6|4.2|1.1|0.1|1.5
191|Ivy Smith Jr.|GRAM|G|31|35.1|16.7|4.8|12.0|39.9|0.8|2.2|36.2|6.3|7.8|80.5|4.5|5.0|2.2|0.2|3.5
193|Cortez Edwards|USM|G|34|35.9|16.6|6.5|13.2|49.2|0.7|2.6|28.4|2.9|3.8|77.3|6.4|2.9|2.1|0.4|1.8
194|Jaylin Walker|KENT|G|31|33.6|16.6|5.5|14.5|38.0|2.7|8.3|32.8|2.9|3.6|78.8|3.9|2.0|1.0|0.1|2.6
195|Milik Yarbrough|ILST|G|32|28.0|16.6|5.4|11.9|45.3|1.0|3.3|29.0|4.9|6.1|80.4|6.6|4.8|0.9|0.7|3.9
195|Geno Crandall|GONZ|G|32|33.4|16.6|5.6|11.1|50.3|1.6|3.8|41.7|3.8|5.3|72.8|4.3|3.6|2.1|0.1|3.3
197|Shannon Evans |IIASU|G|32|34.9|16.5|4.9|12.9|37.9|3.0|8.0|37.1|3.8|4.5|85.3|3.3|3.5|1.4|0.3|1.7
198|Juwan Morgan|IU|F|31|29.4|16.5|6.3|10.9|57.9|0.5|1.7|30.2|3.4|5.4|63.1|7.4|1.5|1.2|1.4|1.6
199|Ahmad Thomas|UNCA|G|32|32.1|16.5|6.9|13.7|50.2|0.5|1.9|27.4|2.2|3.3|66.4|5.8|2.8|1.9|0.3|2.4
200|Matt Klinewski|LAF|F|31|26.8|16.5|5.7|11.3|50.4|1.6|3.8|42.9|3.4|4.2|81.4|5.8|1.5|0.5|0.7|2.0
201|Mustapha Heron|SJU|G|32|28.6|16.4|5.4|12.3|43.9|1.3|4.1|33.1|4.3|5.4|80.3|5.3|0.9|1.2|0.1|2.1
202|Jahaad Proctor|PUR|G|25|31.9|16.4|5.7|13.2|43.2|2.2|5.8|38.2|2.8|3.5|78.4|3.6|3.0|1.0|0.3|2.4
203|Brian Beard Jr.|FIU|G|31|35.9|16.4|5.4|13.3|40.6|1.2|4.7|24.7|4.5|6.9|64.8|3.9|5.7|2.9|0.0|3.2
204|Travin Thibodeaux|UNO|F|26|28.7|16.3|6.2|11.3|54.2|0.6|1.6|39.0|3.4|4.9|69.5|5.8|2.9|1.4|1.1|2.2
205|Femi Olujobi|DEP|F|32|31.9|16.3|5.8|10.8|53.6|0.6|1.9|29.0|4.2|5.4|77.6|7.7|1.2|0.4|0.7|2.5
206|Sam Merrill|USU|G|34|35.4|16.3|5.6|11.2|50.4|2.9|6.2|46.4|2.1|2.5|84.9|3.3|3.1|1.0|0.2|1.8
207|Jordan Davis|UNCO|G|38|29.1|16.3|6.2|12.1|51.5|0.4|1.8|23.9|3.5|5.4|63.8|4.8|3.2|0.9|0.4|3.1
208|Yuta Watanabe|GW|G|33|36.6|16.3|5.8|13.4|43.7|1.7|4.7|36.4|2.9|3.6|80.7|6.1|1.6|0.8|1.6|1.5
209|Matt Farrell|ND|G|31|35.8|16.3|5.4|13.2|41.0|3.2|8.4|37.7|2.3|2.8|81.6|2.4|5.5|1.0|0.1|2.4
210|Kassius Robertson|MIZ|G|33|36.0|16.3|4.8|11.3|42.2|3.2|7.4|43.2|3.5|4.4|79.5|3.0|2.3|1.0|0.1|2.3
211|Jaelan Sanford|TOL|G|34|34.6|16.3|5.5|12.1|45.1|2.1|5.2|40.3|3.2|3.8|84.6|3.4|3.0|0.6|0.6|1.8
212|Manu Lecomte|BAY|G|33|34.1|16.2|4.9|12.2|40.2|2.8|7.2|38.1|3.7|4.1|89.0|2.2|3.7|0.7|0.0|2.2
212|Jared Sam|SOU|F|33|33.5|16.2|5.4|12.3|43.7|0.0|0.0|100.0|5.5|7.2|76.7|8.8|1.3|0.8|0.8|2.3
214|Nick Perkins|BUFF|F|36|27.5|16.2|5.9|12.4|47.4|1.0|3.1|31.9|3.5|4.8|73.3|6.0|0.8|0.3|0.6|2.0
215|Jalen Henry|SIUE|F|29|28.1|16.2|5.4|12.9|42.0|1.3|3.5|36.3|4.1|5.7|71.5|7.3|1.2|0.8|0.8|2.5
215|David Caraher|HPU|F|29|31.3|16.2|5.6|12.3|45.5|1.9|5.3|36.4|3.1|4.2|73.6|7.2|1.9|0.8|0.1|2.4
217|Dean Wade|KSU|F|33|32.8|16.2|6.0|10.9|55.0|1.2|2.8|44.0|2.9|3.9|75.2|6.2|2.7|1.5|0.8|1.4
218|David Jenkins Jr.|PUR|G|35|29.5|16.1|5.2|12.1|43.2|2.4|6.3|38.2|3.3|4.1|79.9|3.2|1.6|0.4|0.0|1.7
219|Dimencio Vaughn|RID|F|29|27.7|16.1|5.7|11.1|50.8|0.9|2.7|35.1|3.9|5.1|76.4|6.7|1.1|1.8|0.7|2.4
220|Zach Johnson|MIA|G|35|32.4|16.1|5.8|12.4|46.9|2.0|5.0|39.2|2.5|3.3|78.1|3.3|3.0|2.0|0.1|2.3
221|Joe Rosga|DEN|G|30|34.2|16.1|5.2|10.7|48.1|2.4|5.5|44.0|3.3|3.7|90.1|4.1|2.9|0.7|0.1|2.2
222|Prentiss Nixon|ISU|G|27|32.1|16.1|4.9|13.7|35.9|2.4|7.4|33.0|3.8|4.5|84.3|3.2|2.0|1.5|0.1|2.1
223|Isaiah Bailey|BCU|G|31|32.2|16.1|4.8|11.4|42.3|0.9|3.3|27.5|5.5|7.1|78.5|5.3|4.8|0.9|0.3|4.0
224|Allerik Freeman|NCSU|G|33|34.4|16.1|5.0|12.9|38.6|2.1|5.5|38.5|4.0|5.2|77.6|4.2|2.6|1.2|0.0|2.5
225|Matthew Butler|UTM|G|31|37.7|16.0|5.8|14.5|40.0|2.9|8.3|34.9|1.5|1.8|83.9|2.6|3.0|0.9|0.1|3.2
226|Jaylen Nowell|WASH|G|34|32.5|16.0|6.0|13.2|45.1|1.1|3.3|35.1|2.9|3.7|80.0|4.0|2.7|1.1|0.3|2.5
227|Seth Towns|HOW|F|30|27.9|16.0|5.4|12.8|41.9|2.1|4.8|44.1|3.2|3.9|80.5|5.7|1.8|0.8|0.6|2.1
228|Barry Brown Jr.|KSU|G|37|34.7|15.9|5.5|12.2|44.8|1.1|3.6|31.8|3.8|5.0|77.2|3.1|3.2|1.8|0.1|2.6
229|Rob Marberry|LIP|F|33|28.5|15.9|6.6|10.8|61.2|0.0|0.1|0.0|2.7|3.7|73.8|5.8|1.9|0.7|0.7|1.5
230|Travis Munnings|ULM|F|32|34.6|15.9|5.8|12.3|47.0|2.2|5.7|38.7|2.2|3.0|72.2|7.3|2.4|1.3|0.2|1.7
231|Kobe Webster|NEB|G|28|33.4|15.9|5.9|13.7|43.1|2.1|5.8|36.6|2.0|2.6|78.1|4.1|3.5|0.7|0.1|2.3
232|Tremont Waters|PUR|G|33|33.0|15.9|5.1|12.2|41.7|2.2|6.2|35.1|3.5|4.4|80.1|3.4|6.0|2.0|0.1|2.9
233|Melvin Frazier Jr.|TULN|G|30|34.4|15.9|6.0|10.7|55.6|1.2|3.0|38.5|2.8|3.9|71.2|5.6|2.9|2.1|0.7|2.6
234|Zachary Hamilton|PV|F|34|27.5|15.9|5.3|13.3|40.0|2.6|7.0|37.4|2.6|3.3|78.8|4.3|1.3|0.9|0.3|1.7
235|Bryce Brown|AUB|G|33|31.2|15.9|5.1|12.8|40.1|3.2|8.5|38.2|2.4|3.1|77.5|2.0|1.7|1.0|0.2|1.3
236|Justin Turner|BGSU|G|31|33.9|15.9|5.5|13.4|40.6|1.6|4.3|37.9|3.4|4.1|81.3|3.6|2.6|1.5|0.3|2.4
237|Elijah Pemberton|HOF|G|30|34.9|15.9|4.8|10.7|45.2|1.8|4.4|40.9|4.4|5.8|75.4|4.8|2.2|0.7|0.2|2.0
238|Marcus Derrickson|GTWN|F|29|32.0|15.9|5.2|10.2|50.5|1.6|3.5|46.5|3.9|4.5|86.3|8.1|1.6|0.7|0.7|2.2
239|Tevon Saddler|NICH|G|30|29.3|15.8|5.4|11.4|47.2|0.6|2.4|26.8|4.4|5.7|76.6|6.6|2.8|1.6|0.2|3.2
239|Marcquise Reed|CLEM|G|35|34.9|15.8|5.2|12.2|43.0|1.9|5.4|35.4|3.4|4.1|84.5|4.7|3.3|1.7|0.0|2.3
239|Nick Masterson|KENN|G|30|36.7|15.8|5.6|10.0|55.5|2.4|4.5|54.1|2.2|2.5|88.2|2.8|3.2|0.8|0.1|1.5
242|Michael Oguine|MONT|G|34|32.2|15.8|5.2|11.3|46.1|1.4|3.8|35.7|4.0|5.5|73.7|5.5|2.0|1.4|0.5|1.3
243|Stephen Thompson Jr.|PUR|G|32|36.6|15.8|5.8|12.7|46.1|2.0|5.8|34.8|2.1|3.2|65.7|3.1|3.3|1.7|0.3|2.1
244|Malachi Flynn|SDSU|G|31|33.4|15.8|5.2|12.6|41.3|2.5|7.4|33.8|2.8|3.4|84.6|3.4|4.3|1.6|0.1|2.1
245|Andre Walker|L-MD|G|29|32.0|15.8|5.8|15.1|38.4|2.3|6.8|33.5|1.9|3.2|59.1|3.9|2.8|1.6|0.0|2.9
246|Anthony Cowan Jr.|MD|G|32|37.0|15.8|4.5|10.7|42.2|1.7|4.6|36.7|5.1|6.0|84.8|4.4|5.1|1.5|0.3|2.8
247|Averyl Ugba|APSU|F|34|30.0|15.7|5.9|10.8|54.9|0.5|1.3|36.4|3.4|5.0|67.1|8.0|1.0|0.5|1.1|2.3
248|Andre Fox|USA|G|29|28.6|15.7|5.2|10.9|47.5|1.9|4.4|42.6|3.4|4.6|75.2|4.8|1.4|1.2|0.3|2.0
249|Isaiah Pineiro|PUR|F|34|28.1|15.7|5.5|11.3|49.1|0.8|2.3|34.6|3.8|4.9|78.3|6.2|2.1|1.2|0.8|2.6
249|Chimezie Metu|USC|F|34|31.0|15.7|6.0|11.5|52.3|0.4|1.2|30.0|3.3|4.5|73.0|7.4|1.6|0.8|1.7|2.0
251|Justin Johnson|WKU|F|38|34.6|15.7|6.3|12.2|51.5|1.2|3.0|41.6|1.8|3.2|56.9|9.4|1.3|0.7|0.7|1.5
252|Kamar Baldwin|BUT|G|35|34.0|15.7|6.0|13.6|44.2|1.4|4.2|33.1|2.3|2.9|77.5|4.9|3.2|1.5|0.4|2.1
253|Francis Alonso|UNCG|G|35|29.3|15.6|5.0|12.1|41.2|3.2|7.9|40.1|2.5|2.8|86.9|2.4|2.9|1.0|0.1|2.5
254|Khadeen Carrington|HALL|G|34|32.9|15.6|5.0|12.0|41.8|1.6|4.2|36.8|4.1|4.9|82.6|3.1|4.4|1.1|0.3|2.3
254|Ajdin Penava|MRSH|F|34|29.4|15.6|5.6|10.0|56.2|1.0|2.9|34.0|3.4|4.5|75.3|8.5|1.9|0.9|3.9|2.0
256|Dexter McClanahan|NICH|G|32|29.5|15.6|5.2|12.7|40.8|2.2|7.3|30.2|3.0|4.2|72.9|4.2|1.9|1.2|0.2|1.8
257|Terry Taylor|APSU|G|34|31.5|15.6|5.8|10.6|54.1|1.1|2.6|43.2|2.9|4.0|73.0|8.6|0.7|0.6|1.0|1.8
258|Josh Cunningham|DAY|F|31|31.6|15.6|6.0|9.3|64.6|0.3|1.1|23.5|3.3|4.8|69.1|8.4|1.7|0.5|0.4|2.3
259|Kevin Knox |IIUK|F|37|32.4|15.6|5.3|11.9|44.5|1.5|4.5|34.1|3.4|4.4|77.4|5.4|1.4|0.8|0.3|2.3
260|Koby McEwen|WEB|G|30|32.3|15.6|5.0|12.5|40.0|2.2|6.8|33.0|3.3|4.6|72.5|5.4|3.2|0.8|0.0|3.0
261|Reggie Dillard|PRES|G|32|33.6|15.6|5.5|12.5|43.6|2.1|6.0|34.9|2.5|3.5|72.3|3.2|1.8|0.7|0.3|2.6
261|Leland King |IIUCSB|F|32|31.8|15.6|5.8|12.5|46.4|1.7|4.0|41.4|2.3|3.0|75.3|10.2|1.9|0.8|0.2|1.3
261|Grant Golden|RICH|F|32|30.7|15.6|6.5|13.1|49.8|0.7|2.5|27.5|1.9|3.0|62.5|6.7|2.2|0.6|1.2|2.6
264|Isaiah Walton|LONG|G|27|29.1|15.6|5.2|12.1|42.8|2.1|5.5|37.6|3.1|3.7|84.0|2.7|2.2|1.2|0.3|3.1
264|Adam Grant|BRY|G|27|36.9|15.6|5.5|14.6|37.7|2.4|7.0|34.2|2.2|3.1|70.2|3.3|2.5|1.0|0.0|2.5
266|Phil Fayne|ILST|F|29|29.9|15.6|6.2|10.5|59.5|0.0|0.0|0.0|3.1|6.0|51.4|7.4|0.9|1.2|1.0|1.8
267|Jalen Hudson|FLA|G|34|26.6|15.5|5.3|11.6|45.5|2.3|5.7|40.4|2.7|4.1|66.2|3.9|1.1|0.8|0.6|1.2
268|Reginald Gee|ULM|G|31|30.0|15.5|4.9|11.3|43.6|1.9|4.8|40.5|3.8|4.9|77.5|4.6|1.0|0.6|0.5|1.5
269|Noah Dickerson|WASH|F|34|26.9|15.5|5.2|9.2|56.9|0.1|0.1|40.0|5.0|6.3|78.6|8.4|0.9|0.7|0.6|2.3
269|Connor Cashaw|CREI|G|30|33.6|15.5|5.3|13.2|39.8|1.7|5.3|31.9|3.3|4.5|72.6|7.1|3.2|1.3|0.1|2.2
271|Lamar Stevens|PSU|F|39|33.1|15.5|5.9|12.7|46.5|0.8|2.4|31.9|2.9|4.1|69.6|5.9|1.9|0.6|1.1|2.2
272|Jeremy Harris|BUFF|G|36|33.3|15.5|5.6|12.0|47.1|2.6|6.1|41.8|1.6|2.1|78.7|5.9|2.1|1.0|0.7|1.3
273|Myles Powell|HALL|G|34|31.7|15.5|5.0|11.6|43.3|2.8|7.3|37.9|2.6|3.4|78.9|2.6|2.8|1.0|0.2|2.0
274|Deion Holmes|UPST|G|32|26.5|15.5|5.8|12.4|46.9|1.6|4.8|34.0|2.2|2.9|77.2|3.7|1.3|0.5|0.1|2.7
275|Delano Spencer|TNST|G|30|32.8|15.5|5.1|11.6|43.7|2.8|6.7|42.3|2.5|3.0|83.3|3.1|1.3|1.1|0.1|1.8
276|Grayson Allen|DUKE|G|37|35.6|15.5|4.9|11.7|41.8|2.8|7.5|37.0|2.9|3.4|85.0|3.3|4.6|1.7|0.1|2.1
277|Zane Najdawi|CIT|F|31|25.2|15.5|5.5|10.8|51.3|1.4|3.5|40.7|2.9|4.1|71.1|5.0|1.0|0.7|1.4|2.5
278|Tyler Seibring|ELON|F|32|34.1|15.4|5.7|11.7|49.1|2.6|6.0|42.9|1.4|2.0|70.8|6.8|2.2|0.3|0.7|1.1
279|JD Notae|ARK|G|28|31.4|15.4|5.7|13.9|41.0|1.8|4.3|40.5|2.3|3.3|69.9|4.7|1.9|1.8|0.5|2.6
280|Shannon Bogues|SFA|G|35|24.1|15.4|5.7|11.4|50.5|1.3|3.6|35.2|2.7|3.3|79.5|2.4|1.4|1.3|0.2|1.4
281|Darrell Davis|DAY|G|31|35.1|15.4|4.8|11.1|43.5|2.3|6.1|38.1|3.4|3.9|87.5|4.1|2.7|0.7|0.1|2.7
282|Cameron Morse|YSU|G|32|32.0|15.4|5.4|14.6|37.3|2.5|7.4|33.3|2.0|2.6|78.3|2.3|3.9|1.1|0.2|2.0
283|Rasheem Dunn|RMU|G|30|30.9|15.4|5.2|13.4|39.0|1.4|5.0|28.0|3.5|4.5|77.2|5.7|2.3|1.4|0.0|2.1
284|Jeffrey Carroll|OKST|G|33|30.7|15.4|5.1|12.5|40.6|2.0|6.1|33.2|3.2|4.2|77.4|6.2|1.8|0.8|0.3|1.9
284|Desonta Bradford|ETSU|G|33|32.6|15.4|5.5|11.5|47.4|1.3|4.1|31.1|3.2|4.3|73.9|5.8|3.5|1.9|0.5|2.2
286|Myles Stephens|PRIN|G|29|34.4|15.3|5.9|11.3|52.0|1.4|3.3|41.2|2.2|3.2|68.5|6.3|1.4|0.4|0.9|2.2
287|TJ Gibbs|ND|G|36|37.4|15.3|4.8|11.6|41.1|2.3|5.6|40.3|3.6|4.3|83.8|2.8|3.0|1.0|0.1|1.5
287|Tyler Cook|IOWA|F|33|28.0|15.3|5.8|10.3|56.6|0.0|0.2|14.3|3.7|5.5|66.1|6.8|1.8|0.6|0.6|2.5
289|Daniel Amigo|DEN|C|30|25.8|15.3|6.3|12.1|52.1|0.6|1.5|40.9|2.1|3.5|59.4|6.7|1.6|0.3|0.7|3.0
289|Ryan Allen|DEL|G|30|35.7|15.3|5.4|13.4|40.6|2.9|7.4|38.9|1.6|2.2|72.3|2.5|1.5|0.5|0.2|1.6
291|Leron Black|ILL|F|31|25.5|15.3|6.1|11.1|54.7|0.7|1.4|51.2|2.5|3.1|80.0|5.2|0.8|0.3|0.3|1.8
292|Akwasi Yeboah|RUTG|F|32|28.5|15.3|4.9|10.8|45.2|1.8|5.2|35.5|3.7|4.6|80.3|5.1|1.4|0.9|0.2|2.3
293|Teyvion Kirk|UIC|G|31|32.0|15.3|5.2|11.8|43.8|0.5|1.3|40.0|4.4|6.1|72.1|6.1|3.1|1.4|0.2|3.4
294|Demetrius Dyson|SAM|G|32|30.8|15.2|5.0|11.2|45.0|2.5|5.9|42.1|2.7|3.5|76.6|5.0|1.1|0.9|0.3|2.1
294|Sam McDaniel|ULM|G|32|33.6|15.2|5.1|11.9|42.5|2.4|5.8|41.1|2.7|3.4|80.6|5.8|2.1|1.0|0.3|2.2
296|Nijal Pearson|TXST|G|33|32.6|15.2|5.2|13.2|39.4|1.8|5.3|33.0|3.0|4.3|70.9|6.0|2.4|1.3|0.4|2.4
297|Corey Sanders|RUTG|G|34|33.1|15.2|6.0|15.0|40.1|0.6|2.9|22.4|2.5|3.5|70.8|4.3|3.1|1.3|0.3|2.2
298|Nana Foulland|BUCK|C|35|28.6|15.2|6.0|10.2|58.7|0.0|0.1|0.0|3.2|5.7|55.7|7.0|1.3|0.5|1.7|1.8
298|Keyshawn Evans|ILST|G|30|31.2|15.2|4.7|11.4|41.1|3.0|7.2|41.9|2.8|3.7|75.9|2.7|3.6|0.6|0.0|2.1
300|John Carroll|HART|F|33|31.5|15.2|5.3|11.2|46.9|0.6|2.0|30.3|4.0|5.6|71.5|6.4|2.4|0.5|0.9|2.0
300|Matej Kavas|NEB|G|33|31.5|15.2|5.2|10.9|47.4|2.8|5.9|46.4|2.1|2.6|79.1|5.1|1.2|0.4|0.2|2.0
302|Grant Williams|TENN|F|35|28.8|15.2|5.2|11.1|47.3|0.1|0.7|12.0|4.6|6.1|76.4|6.0|1.9|0.6|1.3|2.1
303|Scottie Lindsey|NU|G|32|32.1|15.2|5.3|13.3|39.9|2.5|6.8|36.2|2.1|2.6|82.9|3.8|1.7|0.5|0.4|1.6
303|A.J. Mosby|ALCN|G|32|32.2|15.2|5.6|11.1|50.3|1.8|4.5|40.0|2.2|2.6|86.6|4.7|3.9|1.4|0.1|2.0
305|Nike Sibande|PITT|G|34|32.9|15.1|5.0|12.1|41.4|2.3|6.5|35.0|2.8|3.9|73.3|4.3|1.2|1.1|0.1|2.1
306|Raasean Davis|NCCU|C|35|29.0|15.1|6.7|9.9|67.1|0.0|0.0|0.0|1.8|3.1|58.7|8.1|0.4|0.6|1.0|2.0
307|Anthony Tarke|COPP|G|30|31.0|15.1|5.4|13.3|40.4|1.4|4.8|28.7|3.0|4.7|64.1|6.0|1.9|1.3|0.8|2.0
308|Khalil Ahmad|CSUF|G|32|31.3|15.1|5.3|12.7|41.8|1.8|5.6|32.0|2.7|3.3|82.9|3.8|1.6|1.2|0.2|2.4
309|Miye Oni|YALE|G|29|32.8|15.1|5.4|13.3|40.5|2.0|6.3|31.0|2.4|3.2|75.0|6.0|3.6|0.9|0.8|2.8
310|Terrell Miller Jr.|MUR|F|32|30.6|15.1|5.6|11.1|50.1|2.2|5.4|40.2|1.8|2.5|72.2|8.6|1.6|0.8|0.5|1.8
311|Omer Yurtseven|GTWN|C|31|36.0|15.1|5.5|13.5|40.8|2.0|5.6|35.3|2.1|2.9|70.3|6.3|2.2|0.8|0.6|1.5
312|Khyri Thomas|CREI|G|33|31.7|15.1|5.6|10.4|53.8|1.9|4.6|41.1|2.0|2.6|78.8|4.4|2.8|1.7|0.2|1.8
313|Stephen Brown|BUCK|G|35|30.3|15.1|5.3|11.0|48.2|1.8|4.9|37.4|2.6|3.1|83.5|3.3|4.3|1.2|0.3|1.7
314|Donovan Jackson|ISU|G|30|34.4|15.0|4.8|12.5|38.1|3.2|7.9|40.1|2.3|2.7|87.5|2.1|2.1|0.5|0.1|1.6
315|Alex Petrie|LAF|G|31|24.9|15.0|5.0|11.5|43.6|2.2|5.4|40.5|2.8|3.1|90.5|2.4|0.7|0.5|0.0|1.9
316|Tayler Persons|BALL|G|32|29.8|15.0|5.8|12.7|46.1|1.2|3.2|37.3|2.2|3.2|67.0|3.3|4.3|0.8|0.2|2.9
317|Vladimir Brodziansky|TCU|F|33|27.2|15.0|5.4|9.4|57.9|0.6|1.9|33.9|3.5|4.3|81.8|5.1|1.2|0.3|1.7|1.2
318|Junior Etou|TLSA|F|31|30.4|15.0|4.7|10.0|46.6|1.4|3.9|35.0|4.3|6.0|71.5|7.9|1.5|0.5|0.3|2.3
318|Andrien White|WAKE|G|25|27.3|15.0|4.7|11.0|42.8|1.7|5.3|32.3|3.8|4.8|80.0|4.8|1.2|1.7|0.2|1.9
318|Alize Johnson|MOST|F|33|31.2|15.0|5.2|12.1|43.0|1.2|4.4|28.1|3.3|4.4|75.9|11.6|2.8|0.5|0.4|2.2
318|Montell Goodwin|EIU|G|31|35.5|15.0|5.3|13.3|39.9|2.4|6.5|36.0|2.1|2.7|77.1|3.4|3.3|1.1|0.4|2.0
322|Tyree Griffin|USM|G|34|35.5|15.0|5.3|12.4|43.1|1.6|4.5|35.7|2.7|3.9|69.7|4.1|5.9|1.7|0.1|2.6
322|Deng Adel|LOU|F|34|33.1|15.0|5.2|11.7|44.8|1.5|4.2|35.0|3.0|3.9|78.6|5.2|2.8|0.6|0.3|2.3
324|Kalob Ledoux|LT|G|27|30.0|15.0|5.4|12.9|42.1|2.3|6.0|37.4|1.8|2.3|80.3|4.3|1.0|0.5|0.1|2.4
325|Oshae Brissett|SYR|F|37|38.1|14.9|4.4|12.4|35.4|1.5|4.5|33.1|4.7|6.0|78.7|8.8|0.9|1.2|0.8|1.9
326|Cecil Williams|CMU|F|36|30.2|14.9|5.0|10.7|46.9|0.6|2.1|30.3|4.3|5.5|77.7|6.5|2.6|1.0|1.0|2.8
327|Quinton Rose|TEM|G|33|32.2|14.9|5.8|13.3|43.4|1.5|4.3|34.5|1.9|3.0|65.3|4.3|2.3|1.5|0.2|2.4
328|B.J. Tyson|ECU|G|30|36.4|14.9|5.4|13.1|41.1|1.4|4.8|29.2|2.7|3.3|82.8|4.3|2.7|0.8|0.2|1.9
329|Brandon Boyd|CBU|G|29|29.6|14.9|5.1|10.9|46.8|1.5|4.5|33.8|3.2|4.0|80.2|4.2|2.4|1.3|0.1|1.9
330|Jared Stutzman|IDST|G|27|32.9|14.9|5.0|8.8|56.7|2.4|4.7|52.0|2.5|3.4|72.0|3.4|1.5|0.6|0.3|1.3
331|Paul Jackson|EMU|G|35|35.0|14.9|5.5|13.4|41.2|0.9|3.1|29.6|3.0|4.1|72.7|2.1|4.6|1.4|0.1|2.8
332|Ty Cockfield|ARST|G|32|29.8|14.9|5.3|12.0|44.3|1.7|4.7|36.2|2.6|3.3|78.3|2.8|2.0|0.9|0.1|2.2
332|Landry Shamet|WICH|G|32|31.7|14.9|4.8|9.8|48.9|2.6|5.9|44.2|2.7|3.2|82.5|3.2|5.2|0.7|0.2|2.1
334|Dante Scott|MEM|G|30|31.6|14.9|5.4|12.9|42.0|1.5|4.0|37.0|2.6|3.4|77.5|5.6|1.9|0.5|0.3|2.5
335|Christian Vital|CONN|G|32|31.7|14.9|4.3|11.3|38.3|2.1|6.7|31.8|4.1|4.9|84.6|5.4|1.7|1.6|0.0|1.8
336|Tyler Davis|TA&M|C|35|29.1|14.9|5.9|10.1|58.5|0.2|0.7|28.0|2.9|4.6|62.3|8.9|1.3|0.3|1.3|2.0
336|Sam Iorio|NIA|F|28|33.4|14.9|5.1|10.7|47.7|2.2|5.1|43.7|2.4|3.1|79.1|6.5|1.3|1.4|0.9|1.8
338|John Konchar|PFW|G|33|35.8|14.8|5.4|11.1|48.2|2.0|5.2|38.4|2.1|3.3|64.8|8.1|4.8|2.5|0.7|1.6
338|Jason Dunne|HART|G|33|35.5|14.8|5.1|12.3|41.6|3.0|8.3|35.8|1.6|2.2|75.0|3.7|2.8|1.3|0.2|2.2
338|TJ Shorts |IIUCD|G|33|31.6|14.8|4.9|9.4|52.1|0.3|0.9|34.5|4.8|6.4|74.5|3.7|4.4|1.9|0.2|2.5
341|Reilly|GWEB|F|32|34.1|14.8|5.2|12.6|41.2|2.7|6.9|38.5|1.8|2.2|84.1|4.7|3.8|1.0|0.1|3.0
342|Justin Bibbins|UTAH|G|35|34.9|14.8|4.4|9.6|45.7|2.7|6.1|43.9|3.4|3.9|87.4|3.0|4.7|1.3|0.1|2.0
343|Jaylen Shaw|CCU|G|32|30.9|14.8|4.9|11.7|42.0|1.1|3.4|31.5|3.9|5.1|77.3|3.2|5.4|1.6|0.0|3.5
344|Marcus Burk|IUPU|G|33|31.8|14.8|5.2|10.7|49.0|2.8|6.8|40.3|1.5|1.8|85.0|3.6|1.2|1.3|0.2|1.4
345|Shawn Roundtree|CMU|G|36|33.0|14.8|4.6|11.6|39.9|1.6|4.6|33.9|4.0|4.9|82.3|2.9|4.2|0.6|0.0|3.1
345|Christopher Galbreath Jr.|SHSU|F|36|27.9|14.8|6.1|12.9|47.2|0.5|1.4|33.3|2.1|3.2|67.0|8.0|1.3|0.6|0.6|2.2
347|Tevonn Walker|VAL|G|28|30.9|14.8|4.8|12.4|38.7|1.4|4.9|28.5|3.8|4.9|77.9|4.8|1.8|1.7|0.1|1.7
347|Kevin Huerter|MD|G|32|34.4|14.8|5.1|10.1|50.3|2.3|5.5|41.7|2.3|3.1|75.8|5.0|3.4|0.6|0.7|2.5
349|Jordan Evans|MVSU|G|32|30.0|14.7|5.0|13.5|36.8|1.8|5.1|34.6|3.0|4.1|74.6|3.0|2.0|1.0|0.0|2.0
350|Justin Pierce|UNC|G|31|31.6|14.7|5.3|10.5|50.2|1.5|3.6|41.6|2.7|3.4|79.0|8.6|2.4|0.9|0.6|1.8
351|Jacobi Boykins|LT|G|33|30.5|14.7|4.4|10.4|42.3|3.0|7.5|39.5|2.9|3.2|91.5|4.8|1.5|1.0|0.3|1.2
352|Isaac Haas|PUR|C|35|23.4|14.7|5.3|8.6|61.7|0.0|0.0|0.0|4.1|5.4|75.8|5.7|0.7|0.1|1.3|1.7
353|Ronald Delph|FAU|C|31|29.4|14.7|6.5|13.1|49.6|0.0|0.1|0.0|1.7|2.5|69.7|8.7|0.7|0.4|2.0|1.7
353|Zac Cuthbertson|CCU|F|31|29.3|14.7|4.5|10.1|45.0|0.9|3.1|30.2|4.6|5.8|79.6|6.8|1.6|0.9|0.7|2.3
355|Lance Tejada|LEH|G|27|29.5|14.7|5.1|11.9|43.4|2.9|6.3|45.3|1.5|2.0|75.9|2.5|2.0|0.8|0.0|1.8
356|Shawntrez Davis|BCU|F|32|27.0|14.7|5.7|10.2|55.4|0.7|1.9|37.7|2.6|4.4|59.2|8.7|1.3|0.5|1.2|2.4
357|Trae Bell-Haynes|CAN|F|34|32.1|14.6|4.9|9.6|51.1|0.6|1.9|34.9|4.2|5.8|73.1|4.3|4.1|1.1|0.1|3.1
358|Travis Charles|ALB|F|31|28.9|14.6|5.6|10.1|55.4|0.0|0.0|0.0|3.4|4.2|82.2|5.6|0.7|0.5|0.4|1.8
359|Bubba Parham|SAM|G|30|29.8|14.6|4.8|12.1|39.9|1.9|5.8|33.1|3.0|3.8|79.8|3.4|2.5|0.8|0.0|2.8
360|Roberto Gallinat|PAC|G|32|32.0|14.6|4.8|10.9|43.8|1.6|5.0|32.1|3.5|4.5|77.1|2.8|1.2|0.6|0.2|1.5
361|Svi Mykhailiuk|KU|G|39|34.5|14.6|5.3|12.1|43.4|2.9|6.6|44.4|1.2|1.4|80.4|3.9|2.7|1.2|0.3|1.7
361|Moritz Wagner|GER|C|39|27.6|14.6|5.5|10.5|52.8|1.6|4.1|39.4|1.9|2.8|69.4|7.1|0.8|1.0|0.5|1.4
363|Will Rayman|COLG|F|33|31.9|14.6|4.8|10.8|44.7|2.0|4.8|41.8|2.9|3.6|80.7|6.7|1.2|1.0|0.8|1.6
363|Shakur Juiston|ORE|F|33|30.4|14.6|6.6|10.3|63.9|0.1|0.1|100.0|1.3|2.6|51.2|10.0|1.9|0.9|0.6|2.5
365|Vincent Edwards|PUR|F|35|31.6|14.6|5.1|10.8|47.6|1.5|3.7|39.8|2.9|3.4|83.3|7.4|2.9|0.5|0.6|2.0
365|Larry Motuzis|AMER|G|30|36.1|14.6|5.2|12.4|41.6|2.1|6.3|33.2|2.2|3.4|63.7|4.7|1.7|1.6|0.2|2.2
367|David Nichols|FSU|G|32|33.8|14.6|5.2|13.2|39.4|1.8|4.9|36.5|2.4|3.2|77.2|4.3|3.5|1.2|0.2|2.5
368|Colton Weisbrod|LAM|F|33|34.1|14.6|5.2|11.2|46.1|0.5|1.3|40.9|3.7|5.5|66.5|8.1|1.8|1.1|0.2|2.0
369|Rich Williams|MAN|G|28|32.4|14.6|5.4|12.2|44.0|2.0|4.6|42.6|1.9|2.4|77.9|4.8|2.8|0.8|0.1|3.0
370|Levi Bradley|NIU|F|32|29.6|14.6|5.1|11.8|42.7|0.8|2.9|28.0|3.6|4.4|82.9|5.5|0.8|0.9|0.3|1.3
371|Trejon Jacob|FIU|G|31|33.6|14.5|5.1|11.8|43.1|2.3|6.2|37.5|2.0|3.2|64.3|5.0|0.9|1.1|0.3|1.2
372|Kevon Harris|SFA|G|33|26.2|14.5|4.8|10.0|48.0|1.8|4.1|42.6|3.2|4.6|68.0|5.5|1.3|1.0|0.2|1.8
373|Darnell Edge|FDU|G|30|34.1|14.5|4.9|10.8|44.9|2.0|5.5|36.1|2.8|3.0|94.4|2.9|2.4|1.3|0.0|1.6
374|Payton Pritchard|ORE|G|36|35.1|14.5|4.9|11.1|44.7|2.4|5.7|41.3|2.3|2.9|77.4|3.8|4.8|1.4|0.0|2.1
375|Mike Laster|OHIO|G|30|33.1|14.5|5.5|11.5|47.7|1.8|4.6|39.1|1.8|2.5|70.7|2.9|1.9|0.6|0.2|1.5
376|Gary Trent Jr.|DUKE|G|37|33.9|14.5|4.8|11.5|41.5|2.6|6.5|40.2|2.3|2.6|87.6|4.2|1.4|1.2|0.1|1.0
377|James Thompson |IVEMU|C|35|34.1|14.5|5.7|8.5|67.2|0.0|0.0|0.0|3.0|4.9|60.7|11.2|0.3|0.8|1.9|1.9
378|Brenton Scott|INST|G|31|32.8|14.5|5.0|12.6|40.0|2.0|5.9|33.7|2.4|3.4|71.4|5.7|2.4|1.7|0.2|2.5
378|Ledarrius Brewer|UAB|G|31|29.4|14.5|4.9|11.7|42.0|2.3|6.3|36.2|2.4|3.2|74.0|3.8|1.3|0.9|0.5|1.8
380|Matt Lewis|JMU|G|32|31.8|14.5|4.3|11.3|37.6|1.7|5.0|33.5|4.3|5.3|80.1|3.7|2.3|1.0|0.2|1.3
381|Corey Allen|GAST|G|29|28.1|14.4|4.8|11.2|43.2|2.1|5.4|38.2|2.7|3.4|79.0|3.2|2.2|0.7|0.0|2.3
382|Quinndary Weatherspoon|MSST|G|37|31.4|14.4|5.1|10.4|48.4|1.1|3.6|31.3|3.2|4.1|77.1|6.0|3.3|1.4|0.3|2.7
383|Frank Howard|SYR|G|37|38.4|14.4|5.1|13.4|37.6|1.8|5.5|32.7|2.5|3.5|71.9|3.5|4.7|1.8|0.3|3.4
384|Victor Joseph|CP|G|31|29.5|14.4|4.7|11.8|40.3|2.1|5.7|36.2|2.8|3.2|88.0|2.5|1.9|0.8|0.2|1.9
385|Shai Gilgeous-Alexander|CAN|PG|37|33.7|14.4|4.9|10.2|48.5|0.6|1.5|40.4|3.9|4.7|81.7|4.1|5.1|1.6|0.5|2.7
386|Mike Lewis |IIDUQ|G|32|31.1|14.4|4.3|11.2|38.4|2.8|7.6|36.8|3.0|3.6|82.6|2.3|0.7|1.1|0.0|1.3
387|Romone Saunders|WAG|G|25|31.6|14.3|5.2|12.4|42.1|1.9|5.6|34.3|2.0|2.8|70.4|6.4|2.0|1.2|0.3|2.1
388|Eric Williams Jr.|USD|G|32|33.7|14.3|4.6|11.7|39.2|2.1|5.8|36.4|3.0|4.1|74.0|8.8|1.6|1.3|0.3|2.1
389|Curtis Phillips Jr.|TNTC|F|33|30.6|14.3|4.6|11.7|39.3|1.8|5.4|34.1|3.2|4.5|71.8|5.2|2.2|1.8|0.6|3.0
389|Chris Silva|SC|F|33|25.8|14.3|3.8|8.2|46.7|0.2|0.4|41.7|6.5|8.6|75.3|8.0|1.2|0.6|1.4|2.6
391|Eric Lockett|NCSU|G|32|37.0|14.3|5.7|12.1|46.6|0.4|1.5|29.2|2.5|3.5|71.7|6.5|3.1|1.2|0.4|2.1
392|JoJo Cooper|WAG|G|33|36.4|14.3|4.8|11.4|42.0|1.2|3.1|37.9|3.5|4.8|73.9|5.2|6.1|1.5|0.0|3.3
392|Ryan Betley|CAL|G|33|33.5|14.3|4.5|10.8|42.3|2.5|6.5|39.1|2.6|3.4|77.0|5.0|1.2|0.8|0.4|1.5
394|Rodney Bullock|PROV|F|34|32.9|14.3|4.8|11.1|43.5|1.4|4.1|33.3|3.2|4.4|73.8|5.8|1.1|0.8|1.0|1.9
395|Grant Benzinger|WRST|G|35|34.8|14.3|4.5|11.5|38.6|2.6|7.1|36.9|2.7|3.1|88.8|5.4|1.2|0.7|0.2|1.1
396|Malcolm Duvivier|AKR|G|32|32.5|14.3|5.0|12.8|39.0|2.7|7.3|37.3|1.6|2.5|64.6|2.5|3.1|0.8|0.2|3.0
396|Nick Sherod|RICH|G|32|31.5|14.3|5.2|10.7|48.1|1.9|4.9|39.1|2.0|2.5|80.2|5.0|1.4|1.0|0.1|1.1
398|Don Coleman|USA|G|30|31.4|14.2|4.2|12.9|32.8|0.9|3.6|24.3|4.9|6.6|74.6|2.9|1.9|1.4|0.0|2.0
399|B.J. Stith|ODU|G|32|31.4|14.2|4.9|11.2|43.7|1.8|4.3|40.3|2.7|3.2|84.2|5.7|1.7|0.8|0.2|1.6
400|Gabe DeVoe|CLEM|G|35|34.3|14.2|4.9|10.8|44.9|2.5|6.2|39.6|2.0|2.6|78.0|4.7|2.1|1.1|0.4|2.0
400|Fred Sims Jr.|CHST|G|30|30.7|14.2|4.9|15.1|32.2|2.0|6.4|31.9|2.4|2.8|86.9|3.7|1.1|0.8|0.1|1.5
402|David Cohn|W&M|G|31|35.9|14.2|4.6|8.8|52.9|1.6|3.7|42.6|3.3|3.6|91.2|3.0|6.7|1.6|0.0|2.7
402|Andre Wolford|SFPA|G|31|29.0|14.2|4.5|9.0|50.4|3.1|6.3|49.5|2.0|2.3|84.7|3.0|0.8|0.5|0.1|0.8
404|McKinley Wright |IVCOLO|G|32|32.6|14.2|5.2|11.5|45.1|0.9|2.9|30.4|2.9|3.8|77.0|4.7|5.5|1.0|0.4|2.9
405|Malik Newman|KU|G|39|31.6|14.2|4.8|10.3|46.3|2.2|5.3|41.5|2.5|2.9|83.5|5.0|2.1|1.1|0.2|1.5
406|Devin Sibley|FUR|G|32|26.6|14.2|5.4|11.7|46.1|1.6|4.8|33.6|1.8|3.3|54.7|4.9|2.0|0.8|0.3|2.7
406|Dikembe Dixson|UIC|F|32|29.7|14.2|4.7|12.0|38.9|1.1|3.5|31.5|3.8|5.1|73.2|3.5|0.8|1.3|0.2|2.8
406|Ahmad Caver|ODU|G|32|37.2|14.2|4.8|11.9|40.8|2.0|5.8|34.9|2.4|3.7|66.7|3.5|6.2|2.3|0.2|2.0
409|Kyle Guy|UVA|G|34|32.4|14.1|5.2|12.6|41.5|2.4|6.2|39.2|1.2|1.5|82.4|2.6|1.5|1.0|0.0|1.2
410|Armon Fletcher|SIU|F|32|31.6|14.1|4.8|9.8|48.6|1.3|3.6|34.8|3.3|4.5|73.1|5.1|1.7|1.2|0.5|1.3
410|Jeremiah Bell|UAB|G|32|30.5|14.1|4.9|11.6|42.3|2.3|6.1|38.3|2.0|2.6|75.9|3.2|1.8|1.2|0.1|1.4
412|Sam Hauser|UVA|F|35|32.6|14.1|5.0|10.0|49.9|2.7|5.6|48.7|1.5|1.7|83.6|5.7|2.9|1.0|0.5|1.2
413|Riley LaChance|VAN|G|32|31.7|14.1|4.9|10.7|45.7|2.5|6.1|41.8|1.8|2.3|78.1|3.2|3.2|0.5|0.0|1.3
414|Alante Fenner|SAV|G|31|26.5|14.0|4.5|11.4|39.8|1.5|4.9|30.7|3.4|4.5|76.3|4.6|2.4|1.5|0.0|2.1
414|Robert Johnson|IU|G|31|34.2|14.0|5.0|11.8|42.7|2.1|5.7|37.3|1.8|2.6|70.4|4.5|2.7|0.8|0.2|2.5
416|Cody Martin|NEV|F|36|35.6|14.0|5.4|10.4|51.6|0.4|1.4|29.4|2.9|4.1|70.1|6.3|4.7|1.7|1.5|2.0
416|Mike Morsell|TOW|G|32|28.1|14.0|5.1|11.5|43.9|1.6|4.6|34.7|2.3|3.2|72.3|4.2|0.9|1.0|0.4|1.8
416|Jo Lual-Acuil Jr.|BAY|F|33|31.0|14.0|5.7|11.0|51.4|0.2|0.6|28.6|2.5|3.5|70.7|8.6|0.8|0.5|1.9|2.1
416|Justin Robinson|VT|G|33|30.9|14.0|4.5|9.8|46.4|1.5|3.9|39.8|3.4|4.3|78.2|2.8|5.6|1.2|0.1|2.5
416|Colbey Ross|PEPP|G|32|31.8|14.0|4.7|10.2|46.5|1.3|3.0|42.7|3.3|4.0|82.0|3.0|5.6|1.0|0.2|2.8
421|Shaquille Morris|WICH|C|33|23.7|14.0|5.3|9.6|55.3|0.5|1.4|39.1|2.8|3.8|72.8|5.6|1.3|0.5|1.5|1.5
421|Bryce Canda|PRST|G|33|34.4|14.0|5.2|12.9|40.2|2.3|7.0|32.3|1.3|2.0|65.7|6.0|2.5|1.7|0.2|1.5
423|Terry Larrier|CONN|G|29|34.0|13.9|5.1|12.8|39.8|1.8|4.7|37.8|1.9|2.4|78.9|4.8|0.9|0.7|0.2|2.4
424|Admiral Schofield|TENN|G|35|28.1|13.9|5.1|11.3|44.7|1.8|4.6|39.5|1.9|2.6|75.6|6.4|1.5|1.0|0.4|1.8
425|Torin Dorn|NCSU|G|33|28.7|13.9|5.4|10.2|53.1|0.7|2.2|31.1|2.4|3.3|73.1|6.3|1.4|1.0|0.4|2.0
425|Siler Schneider|UCD|G|33|30.2|13.9|5.3|12.0|44.3|1.1|3.4|32.1|2.1|3.0|71.4|3.1|2.2|1.1|0.2|2.5
427|Derrick Bruce|TXSO|G|32|33.0|13.9|4.5|11.3|39.4|2.6|6.7|39.4|2.3|2.8|82.2|3.8|2.0|1.2|0.3|2.2
428|J.C. Show|BING|G|31|32.4|13.8|4.7|12.6|37.4|2.5|7.3|33.6|2.0|2.3|87.1|3.7|1.9|1.3|0.1|1.8
428|Justin Massey|FAU|G|31|25.5|13.8|4.2|11.7|35.9|2.4|7.2|33.5|3.0|3.9|78.3|2.2|1.5|0.5|0.0|1.1
428|Nat Dixon|SMU|G|31|36.5|13.8|4.5|10.4|43.6|2.1|5.4|39.5|2.7|3.6|73.5|4.6|1.9|1.0|0.4|2.0
431|Mathieu Kamba|CARK|G|35|30.3|13.8|4.9|9.4|51.8|0.8|2.3|35.8|3.2|4.9|65.7|6.1|2.3|1.1|1.0|2.3
432|Ivan Gandia-Rosa|UNF|G|33|32.7|13.8|4.5|10.8|41.7|2.3|6.2|36.9|2.5|2.8|89.1|2.7|6.2|0.5|0.0|3.1
433|Lavone Holland |IINKU|G|32|30.3|13.8|4.6|11.2|41.2|1.8|5.1|34.8|2.8|3.4|84.3|4.2|4.4|1.1|0.2|2.6
433|DJ Laster|GWEB|F|32|26.4|13.8|5.9|11.6|50.5|0.7|2.1|31.8|1.4|2.3|60.8|5.4|0.4|0.6|0.4|1.9
433|Justice Sueing|OSU|F|32|32.0|13.8|4.9|11.3|43.4|1.3|4.2|31.1|2.7|4.0|67.2|5.4|1.4|1.5|0.5|2.1
436|Marcus Ottey|UIC|G|36|27.9|13.8|5.1|9.9|51.8|0.7|2.0|34.2|2.9|3.4|83.9|3.3|1.8|0.9|0.4|1.9
437|Jovan Mooring|UNLV|G|33|32.6|13.8|4.1|11.0|37.3|1.9|6.1|31.2|3.7|4.6|80.3|3.0|3.3|1.2|0.1|1.9
438|Bryson Williams|TTU|F|32|28.6|13.8|6.0|10.1|59.6|0.0|0.1|25.0|1.8|2.9|60.2|6.1|1.2|0.5|0.7|1.8
439|Ikenna Ndugba|ELON|G|31|35.6|13.8|4.5|11.8|38.1|1.6|4.9|33.3|3.1|4.2|74.4|4.2|4.6|2.0|0.0|3.2
440|Egor Koulechov|FLA|G|34|30.6|13.8|4.7|11.5|41.3|2.1|5.2|39.5|2.2|2.6|86.4|6.4|1.2|0.6|0.1|1.3
441|Terence Davis|MISS|G|32|27.3|13.8|4.9|12.1|40.7|1.8|5.8|31.7|2.1|2.9|72.0|6.2|2.1|0.9|0.9|2.3
442|Mike Cunningham|OKST|G|31|33.5|13.7|4.8|12.5|38.5|2.8|7.3|38.2|1.4|1.8|73.7|2.8|3.0|0.8|0.1|1.4
442|Demajeo Wiggins|BGSU|F|31|27.9|13.7|4.9|8.8|55.8|0.0|0.0|0.0|3.9|5.6|69.4|10.1|0.8|0.4|0.5|2.4
444|Jordan Barnett|MIZ|F|32|34.1|13.7|4.4|9.9|44.9|2.6|6.2|41.4|2.3|2.6|89.0|5.9|1.1|0.7|0.6|1.6
445|Phillip Carr|MORG|F|31|32.8|13.7|4.9|11.4|43.2|0.4|1.3|26.8|3.5|4.2|84.6|9.3|1.3|0.7|0.7|1.7
446|Jordan Fox|ARMY|G|30|29.9|13.7|4.6|11.4|40.5|2.6|6.6|39.6|1.8|2.3|80.9|4.1|4.2|0.8|0.1|2.1
447|Jordan Hill|SEA|G|33|33.7|13.7|4.5|11.5|39.7|2.2|6.2|36.3|2.4|3.1|77.2|3.8|3.5|1.2|0.4|3.0
447|Kris Wilkes|UCLA|G|33|29.8|13.7|4.8|11.0|44.1|1.7|4.8|35.2|2.3|3.5|65.5|4.9|1.7|0.8|0.5|1.3
449|Ishmael Lane|NWST|C|29|25.8|13.7|5.1|9.7|53.0|0.6|1.6|37.8|2.8|4.4|64.1|7.2|0.8|0.9|1.8|2.4
450|Kenneth Ogbe|UVU|G|33|30.4|13.7|4.5|9.4|48.2|2.0|4.7|42.9|2.5|3.7|69.4|3.2|1.5|0.8|0.2|1.7
451|JaKeenan Gant|UL|F|32|25.5|13.7|5.5|9.9|55.3|0.9|2.9|31.9|1.7|2.5|69.6|5.8|0.9|0.6|2.3|1.2
452|Angel Delgado|DOM|F|34|30.9|13.6|5.5|10.9|50.5|0.0|0.1|0.0|2.6|4.3|61.2|11.8|2.8|0.8|0.7|2.5
453|Marin Maric|DEP|C|28|27.2|13.6|4.9|8.9|55.4|0.4|1.1|33.3|3.4|4.1|84.2|6.7|1.2|0.8|0.5|2.4
454|Jordan Johnson|UNLV|G|33|34.3|13.6|3.8|8.8|42.8|1.5|3.8|38.9|4.6|5.5|84.1|2.8|6.0|1.2|0.2|2.7
455|Evan Leonard|UCI|G|35|28.0|13.6|4.6|10.3|44.7|1.9|4.8|39.6|2.5|3.2|79.3|3.3|2.0|1.4|0.1|1.7
456|Makinde London|UTC|F|29|26.6|13.6|4.6|11.5|39.8|1.6|4.6|33.6|2.9|4.0|73.0|6.8|1.8|0.9|0.8|2.9
457|Elijah Brown|ORE|G|36|29.2|13.6|4.4|10.6|41.6|2.6|7.0|36.4|2.2|2.4|93.0|3.3|2.5|0.8|0.0|1.9
1679|Darius Thompson|WKU|G|38|35.6|13.6|4.7|10.1|46.3|1.4|4.0|35.5|2.9|3.9|73.6|4.2|4.8|1.5|0.5|1.7
459|Ty Taylor |IIEKU|G|32|29.7|13.6|4.8|12.3|39.0|1.6|4.8|33.1|2.4|3.0|78.4|4.4|1.9|0.8|0.2|1.8
459|Braun Hartfield|PEPP|G|32|31.8|13.6|4.8|11.3|42.7|1.5|4.3|35.0|2.5|4.0|62.2|4.3|2.6|1.7|0.8|2.4
461|Nick Garth|LAM|G|33|26.8|13.6|4.3|10.5|41.3|2.4|6.3|37.8|2.5|3.0|83.8|2.3|1.6|0.6|0.0|1.3
461|Zack Bryant|GASO|G|33|32.0|13.6|4.9|10.8|45.6|0.9|2.8|31.9|2.8|3.8|75.2|3.2|3.1|1.1|0.2|2.2
463|E.C. Matthews|URI|G|28|28.8|13.6|4.9|11.5|42.9|1.5|4.8|32.1|2.2|3.0|72.6|4.1|0.9|0.8|0.5|1.6
463|Dalan Ancrum|WIU|G|28|31.9|13.6|4.8|10.7|44.5|1.7|4.6|37.5|2.4|2.8|84.6|5.3|1.8|1.0|0.4|2.2
465|Will Tavares|CPV|G|27|33.1|13.6|5.2|11.9|43.6|0.8|3.7|22.2|2.4|3.7|64.6|5.3|1.2|1.1|0.3|2.3
466|Deandre Burnett|MISS|G|31|28.3|13.5|3.7|9.9|37.7|1.8|4.9|35.9|4.3|5.4|80.1|2.0|3.9|0.6|0.0|2.1
466|Ryan Richardson|WEB|G|31|32.6|13.5|4.7|10.2|45.9|2.9|6.9|42.7|1.3|1.7|75.0|3.2|2.1|1.1|0.4|1.5
468|Kason Harrell|PFW|G|33|30.8|13.5|4.8|11.1|43.8|2.7|7.3|36.8|1.2|1.4|82.6|2.9|1.3|1.1|0.5|1.8
469|Wendell Carter Jr.|DUKE|F|37|26.9|13.5|4.8|8.6|56.1|0.5|1.2|41.3|3.4|4.5|73.8|9.1|2.0|0.8|2.1|2.0
470|Darrell Brown|BRAD|G|33|31.8|13.5|4.3|12.1|35.2|1.5|4.2|35.5|3.5|4.3|80.4|2.3|4.3|0.8|0.0|2.9
471|Justin Coleman|ARIZ|G|32|32.5|13.5|4.6|10.5|43.6|1.8|4.8|37.3|2.6|3.2|80.6|2.8|6.6|1.2|0.0|2.7
471|Charles Brown |IIIUIW|F|26|30.4|13.5|4.9|10.3|47.2|0.8|1.6|47.6|3.0|3.7|80.2|5.2|1.2|0.9|0.3|2.7
471|Malik Moore|UPST|F|32|29.8|13.5|4.6|10.4|44.1|1.0|3.8|27.0|3.3|4.6|70.9|6.1|2.4|1.3|0.4|2.0
474|Scottie James|LIB|F|37|25.5|13.5|5.1|8.3|61.6|0.4|1.2|32.6|2.9|3.8|75.2|8.9|1.1|0.4|0.9|1.4
311|Omer Yurtseven|GTWN|C|33|23.8|13.5|5.7|9.9|57.2|0.7|1.3|50.0|1.5|2.4|61.3|6.7|0.5|0.5|1.8|1.2
475|Jordan Bohannon|IOWA|G|33|31.8|13.5|4.2|9.8|42.3|2.9|6.8|43.0|2.3|2.5|90.4|2.2|5.4|0.7|0.0|2.1
477|Dikymbe Martin|UCR|G|25|31.5|13.5|4.6|11.0|42.0|1.2|3.0|40.8|3.0|3.6|85.4|3.6|2.8|1.2|0.0|2.7
478|Matt Frierson|CIT|G|32|28.3|13.5|3.9|10.8|36.3|3.6|9.8|36.3|2.1|2.3|89.3|2.6|1.3|1.1|0.0|1.3
479|Justin Forrest|APP|G|33|28.0|13.5|4.5|12.1|36.8|2.0|6.6|30.3|2.5|3.8|66.7|2.9|2.0|1.3|0.1|2.9
480|Dylan Osetkowski|TEX|F|34|35.2|13.4|4.7|11.8|40.0|1.2|4.3|28.8|2.7|3.8|72.1|7.2|1.2|1.0|0.2|2.2
480|Rickey McGill|IONA|G|34|33.7|13.4|4.8|10.7|44.9|1.5|3.9|38.3|2.4|3.4|70.2|4.0|5.6|1.5|0.1|2.8
482|Jordan Allen|RID|G|32|28.4|13.4|4.4|11.6|38.3|2.9|7.5|38.5|1.7|2.0|83.1|3.5|0.7|0.8|0.4|1.3
483|Donte DiVincenzo|VILL|G|40|29.3|13.4|4.7|9.8|48.1|2.1|5.3|40.1|1.9|2.7|71.0|4.8|3.5|1.1|0.2|2.0
484|Mike Holloway Jr.|FDU|F|31|29.7|13.4|5.1|10.6|48.3|0.2|0.7|30.4|2.9|4.3|68.9|7.0|1.2|0.7|0.7|2.4
485|Isaiah Wright|USD|G|34|34.5|13.4|4.3|9.6|45.1|1.6|4.0|39.3|3.2|4.4|73.2|4.9|5.3|1.3|0.1|3.1
486|Johnathan Williams|GONZ|F|37|29.2|13.4|5.3|9.5|56.3|0.2|0.9|22.9|2.5|4.7|54.0|8.5|1.6|0.7|1.1|2.2
487|J.R. Lynch|HART|G|33|36.1|13.4|4.7|10.9|42.7|1.5|4.3|36.2|2.5|3.0|83.0|4.3|3.8|1.5|0.1|2.4
488|Jordan Capps|SELA|F|33|21.0|13.4|5.4|10.0|54.1|0.5|1.6|34.0|2.0|3.7|54.9|4.3|0.5|0.5|0.9|1.9
489|Brock Stull|MINN|G|31|35.9|13.4|4.5|11.8|37.9|2.3|6.1|37.9|2.1|2.8|74.4|4.8|3.1|0.6|0.1|2.2
490|Miles Reynolds|OU|G|32|31.3|13.3|3.8|9.3|41.3|0.7|1.9|37.7|4.9|6.2|80.2|2.6|2.8|1.0|0.1|1.9
490|Jalone Friday|ACU|C|32|22.3|13.3|5.0|11.0|45.6|1.4|4.2|34.1|1.8|2.6|70.2|5.1|0.5|0.3|1.6|1.7
492|Javon Bess|SLU|G|33|36.2|13.3|3.9|9.8|39.5|0.7|2.7|27.0|4.8|6.4|75.8|7.4|2.2|1.2|0.4|2.0
493|Courtney Stockard|SBU|F|31|31.3|13.3|4.7|9.6|48.5|0.6|1.8|33.9|3.4|4.4|75.9|6.3|2.2|1.4|0.4|2.5
494|Taveion Hollingsworth|WKU|G|38|34.5|13.3|4.5|9.3|48.0|1.2|3.1|37.8|3.2|4.0|79.1|3.4|1.9|1.0|0.1|1.8
495|Ed Polite Jr.|RAD|ATH|36|32.1|13.3|4.6|9.7|47.4|0.6|2.2|27.5|3.5|4.8|72.7|7.9|1.5|1.9|0.9|1.9
496|Kenny Carpenter|CLEV|G|34|33.7|13.3|5.2|10.9|47.6|1.7|4.7|35.4|1.2|1.7|70.7|5.1|2.4|1.1|0.4|1.2
497|Shawn Anderson|NAVY|G|31|30.7|13.3|4.5|10.1|44.9|0.6|2.0|32.3|3.5|4.8|74.3|5.1|3.4|1.0|0.0|2.9
498|Rene Castro-Caneddy|DUQ|G|32|31.9|13.3|4.8|10.5|45.4|1.5|4.5|33.6|2.2|2.9|76.3|2.8|3.4|0.9|0.1|1.8
499|Giddy Potts|MTSU|G|33|31.8|13.3|4.3|10.4|41.4|2.6|6.4|40.5|2.1|2.4|86.3|4.3|1.9|1.4|0.2|1.6
499|Shizz Alston Jr.|TEM|G|33|33.7|13.3|4.8|11.9|40.1|2.2|5.4|39.7|1.6|1.8|89.8|3.2|3.1|0.8|0.0|1.6
501|Rodney Chatman|VAN|G|30|32.3|13.3|4.4|9.6|45.3|1.4|4.2|33.9|3.1|4.0|78.2|4.1|4.5|1.2|0.5|3.0
502|Kyvon Davenport|MEM|F|34|29.2|13.3|4.5|8.8|51.0|1.1|3.2|35.5|3.1|4.5|69.3|6.1|0.8|0.6|1.2|1.6
503|Justin Bibbs|VT|G|31|32.8|13.3|5.0|10.3|48.7|2.1|5.4|39.8|1.1|1.5|74.5|2.5|1.5|0.6|0.2|1.2
504|Clayton Custer|LUC|G|33|32.9|13.2|4.8|9.2|52.8|1.8|4.0|45.1|1.7|2.2|77.0|2.2|4.1|1.5|0.1|2.2
504|Jon Axel Gudmundsson|DAV|G|33|35.8|13.2|4.4|9.5|46.0|1.9|4.7|40.6|2.6|3.3|79.6|6.0|5.1|1.3|0.0|2.2
506|Trey Porter|NEV|F|32|23.6|13.2|4.6|7.8|58.8|0.0|0.0|100.0|4.0|6.0|67.0|6.2|0.5|0.5|1.3|1.3
506|Alpha Diallo|PROV|G|32|30.7|13.2|5.0|10.7|46.6|0.5|2.2|21.4|2.8|3.8|73.3|6.6|2.3|1.0|0.3|1.9
508|Dedric Boyd|TNST|G|24|27.1|13.2|4.3|12.3|35.4|1.4|5.0|28.1|3.1|3.8|83.3|3.3|2.0|0.9|0.1|2.5
509|Jared Harper|AUB|G|34|30.5|13.2|3.3|9.1|36.0|1.8|5.1|35.5|4.9|5.9|82.2|2.4|5.4|1.2|0.0|2.1
510|Drew Eubanks|ORST|F|32|31.3|13.2|5.1|8.2|62.4|0.0|0.0|0.0|2.9|4.2|70.1|6.8|1.1|0.5|1.7|1.8
510|Jaren Lewis|ACU|F|32|31.2|13.2|5.0|9.1|54.8|0.4|1.1|36.1|2.8|3.6|79.1|7.7|1.8|1.6|0.9|2.3
512|Kahron Ross|LEH|G|30|32.7|13.2|4.9|9.8|50.2|1.3|3.0|42.7|2.1|2.9|72.4|3.0|4.2|1.4|0.2|1.8
513|Kenrich Williams|TCU|G|32|36.0|13.2|4.8|10.2|47.7|1.4|3.6|39.5|2.1|3.0|68.8|9.3|3.9|1.8|0.5|2.0
514|Jordan Dartis|OHIO|G|29|30.6|13.1|4.3|9.9|43.1|2.7|6.3|42.4|1.9|2.2|84.6|3.6|2.1|1.2|0.1|1.4
515|AJ Brodeur|PENN|F|33|31.0|13.1|5.4|10.1|53.8|0.6|2.1|29.0|1.7|2.7|61.1|7.2|2.5|0.9|1.2|2.5
516|Malcolm Drumwright|JVST|G|36|34.2|13.1|4.5|11.3|40.0|2.0|5.6|36.1|2.1|2.5|84.3|2.5|3.6|0.7|0.1|1.3
517|Sean Hoehn|SHU|G|30|33.4|13.1|4.4|11.1|39.6|1.6|5.2|31.2|2.7|3.4|79.2|3.6|4.2|1.4|0.1|2.6
518|Akolda Manyang|UVU|C|31|21.6|13.1|4.8|7.7|63.0|0.0|0.0|0.0|3.4|4.9|69.7|8.1|0.8|0.4|2.3|2.4
519|Jimond Ivey|AKR|G|32|33.1|13.1|4.4|11.1|40.0|1.9|5.6|33.9|2.3|3.0|76.3|5.7|3.5|1.1|0.4|2.4
520|Kendall Smith|OKST|G|35|26.9|13.1|4.7|11.8|40.1|1.4|3.5|41.0|2.2|3.3|66.7|3.1|2.9|1.0|0.0|2.1
520|Corey Davis Jr.|HOU|G|35|30.2|13.1|4.2|9.5|44.3|2.9|6.9|42.9|1.7|2.1|80.8|3.1|2.4|0.9|0.0|1.4
522|Michael Thomas|HAW|F|28|23.3|13.1|4.5|8.0|56.3|0.2|0.9|24.0|3.9|5.5|70.1|6.0|1.2|0.2|0.3|1.6
523|Harald Frey|MTST|G|32|32.3|13.1|4.2|9.7|42.8|2.0|5.3|37.4|2.8|3.6|75.9|3.1|3.2|0.8|0.0|1.7
524|Kendall Stephens|NEV|G|37|27.5|13.1|4.2|9.5|44.3|3.4|7.9|43.2|1.3|1.4|92.2|2.1|0.6|0.5|0.6|0.8
525|Tyler Hagedorn|SDAK|F|34|24.6|13.0|4.5|10.2|44.2|1.3|3.3|39.6|2.7|3.3|82.3|5.9|1.1|0.7|0.8|1.3
526|Sam Logwood|UNM|G|26|25.8|13.0|4.7|9.5|49.2|0.2|0.4|36.4|3.5|4.4|80.0|5.2|1.5|0.5|0.0|2.3
526|Jacob Evans|CIN|G|36|30.8|13.0|4.5|10.5|42.7|1.7|4.5|37.0|2.4|3.2|75.4|4.7|3.1|1.3|1.0|1.8
526|Matt Milon|UCF|G|31|30.4|13.0|4.3|8.9|48.6|2.5|5.8|42.8|1.9|2.0|92.1|2.7|1.1|0.6|0.2|1.1
526|Jared Wilson-Frame|PITT|G|32|28.0|13.0|4.4|11.8|37.5|2.3|7.2|32.0|1.8|2.2|82.9|3.5|1.6|0.5|0.1|2.2
530|Udoka Azubuike|KU|C|36|23.6|13.0|5.9|7.6|77.0|0.0|0.0|0.0|1.3|3.0|41.3|7.0|0.7|0.6|1.7|1.8
531|Donovan Fields|CP|G|31|32.2|13.0|4.7|11.5|40.8|1.2|2.9|40.7|2.4|2.6|92.6|3.3|4.1|1.2|0.1|2.4
532|Jarren Greenwood|MCN|G|27|34.4|13.0|4.1|9.6|42.6|1.2|3.5|34.0|3.6|4.4|83.1|3.9|3.1|0.7|0.1|2.3
533|Charles Matthews|MICH|G|41|30.1|13.0|5.0|10.1|49.5|0.8|2.6|31.8|2.1|3.8|55.8|5.5|2.4|0.7|0.6|2.0
534|George King|COLO|G|32|28.5|12.9|4.4|10.0|44.5|1.9|4.9|39.5|2.1|2.7|78.2|7.8|1.1|0.5|0.7|2.0
535|Killian Tillie|GONZ|F|36|26.2|12.9|5.0|8.7|58.0|1.3|2.6|47.9|1.6|2.1|77.3|5.9|1.7|0.8|1.0|1.6
536|Kevin Zabo|KENT|G|34|28.8|12.9|4.6|10.9|42.0|1.3|4.0|32.1|2.5|3.2|78.7|3.2|2.4|1.1|0.1|1.9
537|B.K. Ashe|LONG|G|33|34.2|12.9|4.6|12.9|35.9|1.5|5.4|28.8|2.1|2.8|75.0|5.1|2.3|1.3|0.3|2.9
538|Josh Ajayi|USA|F|31|29.6|12.9|4.6|9.6|48.5|0.4|1.5|27.1|3.2|4.3|74.4|6.7|0.9|0.5|0.4|2.3
539|Mo Bamba|TEX|F|30|30.2|12.9|4.9|9.0|54.1|0.5|1.7|27.5|2.7|4.0|68.1|10.5|0.5|0.8|3.7|1.5
540|Gary Clark|CIN|F|36|28.5|12.9|4.4|8.4|52.6|0.8|1.7|43.5|3.3|4.4|74.1|8.7|2.1|1.4|1.2|1.0
540|Daxter Miles Jr.|WVU|G|36|29.1|12.9|4.4|9.9|44.7|1.7|4.9|34.7|2.3|3.1|74.1|2.8|3.1|1.3|0.0|1.4
542|TJ Holyfield|TTU|F|35|27.3|12.9|4.8|8.7|54.8|0.8|1.9|41.2|2.5|3.4|74.8|6.4|0.9|1.1|1.3|2.7
542|Loudon Love|WRST|C|35|27.8|12.9|5.3|10.0|53.3|0.0|0.0|0.0|2.3|4.2|54.1|9.7|1.1|0.8|1.0|2.4
544|Jordan Chatman|BC|G|34|36.8|12.9|4.1|9.9|41.5|2.6|6.5|39.5|2.1|2.3|89.9|2.9|1.6|0.6|0.0|0.8
545|Cedric Hankerson|BU|G|25|27.1|12.9|4.4|10.8|40.9|2.0|5.8|33.8|2.1|3.6|58.9|3.4|1.6|1.5|0.2|1.7
546|Isaac Copeland|NEB|F|33|30.7|12.9|4.8|10.2|47.2|1.2|3.4|36.9|2.0|2.8|70.2|6.1|1.2|0.8|1.0|1.0
546|Riante Jenkins|VCU|G|33|29.5|12.9|4.5|10.4|43.3|2.4|5.7|41.8|1.5|1.9|75.0|3.7|2.5|1.3|0.2|2.5
548|Muhammad-Ali Abdur-Rahkman|MICH|G|41|34.9|12.9|4.4|10.1|43.1|1.8|4.8|37.4|2.4|3.1|75.2|3.9|3.2|0.9|0.2|0.7
549|Steven Haney|LMU|F|24|30.4|12.9|4.0|10.4|38.4|2.8|6.7|41.2|2.1|2.8|77.3|2.4|1.5|0.8|0.0|1.2
550|Max Mahoney|BU|F|30|21.0|12.9|5.4|9.0|60.1|0.0|0.0|0.0|2.0|3.6|55.6|4.8|1.2|0.6|0.9|1.8
551|J.P. Macura|XAV|G|34|29.7|12.9|4.3|9.0|47.9|1.4|3.8|37.7|2.8|3.4|82.1|4.5|2.9|1.4|0.4|2.0
552|Malik Pope|SDSU|F|32|26.3|12.8|5.3|10.1|52.0|0.4|1.2|35.9|1.9|2.8|68.5|6.8|1.2|0.7|1.2|1.8
553|Daniel Norl|OMA|G|31|31.7|12.8|4.5|9.4|47.4|1.4|4.0|35.5|2.5|3.1|82.1|3.4|2.5|0.8|0.2|2.2
554|Philip Cofer|FSU|F|35|29.3|12.8|4.8|9.9|48.6|1.4|3.7|37.5|1.9|2.7|69.1|5.1|0.7|0.5|0.2|1.2
555|Chris Lewis|HARV|F|32|26.2|12.8|5.4|8.9|60.1|0.0|0.0|0.0|2.1|3.0|68.8|5.5|1.2|0.5|1.5|1.8
556|Jamar Akoh|MONT|F|34|25.9|12.8|4.6|8.1|57.0|0.0|0.1|20.0|3.5|5.2|66.7|6.6|1.1|0.9|0.7|2.1
556|Marlain Veal|SELA|G|34|33.7|12.8|4.1|9.2|44.6|1.1|2.9|36.0|3.5|4.6|75.3|5.2|6.1|1.9|0.1|3.4
558|Maurice Rivers|JKST|F|29|24.7|12.8|4.7|11.8|39.5|0.5|1.7|29.2|3.0|4.3|69.6|5.3|1.1|0.7|0.9|1.8
559|Davon Bell|PRES|G|32|33.7|12.8|4.2|9.9|42.5|0.8|2.5|33.3|3.5|4.3|80.6|3.2|5.2|1.6|0.2|2.2
559|Frederick Scott|BC|F|32|23.8|12.8|4.7|8.9|52.1|1.0|2.6|38.1|2.5|5.5|44.6|6.5|0.8|0.6|0.3|1.8
561|Jordan McLaughlin|USC|G|36|35.3|12.8|4.4|9.8|44.9|1.5|3.8|39.7|2.4|3.3|74.6|3.7|7.8|2.0|0.2|2.6
562|Brandon Better|SUU|G|31|24.1|12.8|4.0|10.5|38.0|2.2|5.7|38.4|2.6|3.1|84.5|2.4|1.3|0.9|0.0|2.2
563|Bennett Koch|UNI|F|31|24.2|12.7|4.3|7.8|55.6|0.0|0.0|0.0|4.1|5.6|73.4|6.1|0.5|0.7|0.8|2.0
564|Anthony Mathis|ORE|G|34|22.4|12.7|3.9|8.0|49.4|2.9|6.1|47.3|2.0|2.3|85.9|2.1|1.0|0.6|0.1|0.8
565|Zach Norvell Jr.|GONZ|G|37|27.0|12.7|4.4|9.5|45.6|2.1|5.6|37.0|1.9|2.4|80.0|3.9|2.3|1.1|0.1|1.6
566|Kajon Mack|TNTC|G|32|34.6|12.7|4.1|10.0|41.4|1.2|3.8|31.7|3.3|4.3|77.2|5.1|3.9|1.0|0.4|1.9
567|Garrett Sams|UNF|G|28|27.8|12.7|4.0|9.6|41.5|2.0|5.0|39.3|2.8|3.4|80.2|4.3|1.4|0.7|0.2|2.5
568|Christian Mekowulu|TA&M|F|30|29.1|12.7|4.0|7.8|51.9|0.1|0.2|40.0|4.6|6.1|74.5|7.9|0.9|0.9|1.5|2.4
569|Jalen Canty|UCSB|F|26|27.5|12.7|5.0|8.5|58.6|0.0|0.0|0.0|2.8|4.2|66.1|7.7|1.0|0.5|1.8|1.3
570|Emmanuel Nzekwesi|ORU|F|32|30.5|12.7|5.0|11.1|45.4|0.5|2.0|23.4|2.2|3.2|67.6|7.2|1.7|1.2|0.7|2.1
570|Mike Amius|WCU|F|32|23.1|12.7|4.8|8.7|54.9|0.0|0.0|0.0|3.2|5.0|63.4|5.6|1.1|1.2|0.8|2.8
572|Ryan Woolridge|GONZ|G|38|36.6|12.7|5.0|10.1|49.6|0.4|1.4|31.5|2.2|4.4|50.6|5.2|5.8|1.4|0.4|3.4
573|Chance Murray|UCR|G|31|34.1|12.7|4.2|12.3|34.4|1.3|4.5|27.9|3.0|4.3|68.7|5.4|3.8|1.8|0.2|2.5
574|Frank Booker|SC|G|33|27.0|12.7|3.8|8.8|43.3|2.6|6.3|40.9|2.5|3.2|76.4|3.5|1.2|1.1|0.2|1.1
574|Damani Applewhite|SCST|F|30|29.3|12.7|4.9|9.1|53.8|0.0|0.1|33.3|2.8|4.1|69.7|6.8|0.7|0.5|0.2|1.2
576|Jamal Aytes|SUU|F|32|21.3|12.7|5.1|8.8|58.4|0.0|0.1|50.0|2.4|3.2|73.8|5.3|0.7|0.5|0.3|1.5
576|Kodi Justice|ASU|G|32|32.2|12.7|4.5|9.8|45.8|2.4|6.3|38.1|1.3|2.0|64.6|2.7|2.0|1.2|0.2|1.5
576|Ja Morant|MUR|G|32|34.0|12.7|4.2|9.1|45.9|0.8|2.8|30.7|3.5|4.3|80.6|6.5|6.3|0.9|0.4|2.5
579|Tadric Jackson|GT|G|29|28.9|12.7|5.1|11.6|44.5|1.0|3.4|28.6|1.4|2.3|61.2|3.7|2.2|0.9|0.2|2.3
580|Eli Scott|LMU|G|31|30.9|12.6|4.8|10.1|47.1|0.1|0.5|13.3|3.0|5.0|60.6|7.3|2.3|0.8|0.3|2.7
581|Thomas Welsh|UCLA|C|33|33.2|12.6|4.9|10.1|48.5|1.4|3.4|40.2|1.5|1.8|82.8|10.8|1.4|0.7|0.9|1.0
581|Takal Molson|JMU|G|33|29.3|12.6|4.2|9.4|44.2|1.4|3.7|36.9|3.0|4.3|68.5|5.0|2.6|1.2|0.4|2.1
583|Cassius Winston|MSU|G|35|28.1|12.6|4.1|8.1|50.7|2.1|4.3|49.7|2.3|2.6|90.0|3.4|6.9|0.7|0.1|2.5
584|Donte Wright|SCST|G|32|26.1|12.6|4.0|10.9|37.0|2.9|8.1|36.0|1.7|2.0|81.5|2.3|0.9|0.7|0.1|1.5
585|Terance Mann|FSU|G|34|29.2|12.6|5.0|8.9|56.8|0.4|1.5|25.0|2.2|3.3|65.5|5.4|2.6|0.9|0.3|1.8
586|Stevie Jordan|RID|G|31|32.6|12.6|4.6|10.2|44.9|0.7|2.7|27.7|2.7|4.1|66.1|3.8|5.9|1.6|0.3|3.1
587|Nick Griffin|SPU|G|32|32.6|12.6|4.4|11.5|38.2|2.3|6.3|36.3|1.5|2.0|73.8|2.9|1.3|0.5|0.2|1.3
587|Jadon Cohee|SUU|G|32|33.6|12.6|3.9|9.9|39.7|1.4|3.8|37.4|3.3|4.1|79.5|2.5|3.1|0.5|0.1|1.9
589|Kalin Fisher|HAMP|G|34|30.1|12.6|4.7|10.7|44.1|1.1|3.5|32.8|2.0|2.4|82.7|4.6|2.1|0.6|0.1|1.6
589|C.J. Jackson|OSU|G|34|30.5|12.6|4.2|10.0|41.6|1.9|5.0|37.9|2.4|3.0|79.2|3.9|3.9|1.0|0.2|2.1
591|Cameron Lard|ISU|F|29|26.4|12.6|5.6|9.2|60.1|0.0|0.0|0.0|1.5|2.5|58.9|8.1|0.6|0.5|2.2|1.9
592|Connor Burchfield|W&M|G|31|30.5|12.6|4.3|8.0|53.6|2.9|5.5|52.0|1.1|1.3|87.5|3.3|1.9|0.8|0.1|1.5
593|Kevin McClain|BEL|G|33|32.4|12.6|4.4|9.6|45.6|1.7|4.9|35.4|2.1|2.9|71.6|3.8|2.1|1.0|0.2|1.6
594|Pat Andree|NCSU|F|30|28.0|12.6|4.2|9.2|45.8|2.6|6.1|42.9|1.5|1.8|85.2|5.8|0.7|0.5|0.4|1.0
595|Bakari Evelyn|IOWA|G|32|31.4|12.6|4.4|9.8|44.9|1.8|4.7|38.3|2.0|2.7|76.5|3.1|2.9|1.4|0.1|2.8
596|Prokop Slanina|FOR|F|29|31.8|12.6|5.0|10.0|49.8|1.2|3.3|36.8|1.3|1.8|76.5|5.1|1.4|1.2|1.3|1.5
597|Marvin Clark |IISJU|F|33|30.9|12.5|4.3|9.5|45.8|2.0|4.8|41.1|1.9|2.2|85.1|4.7|1.0|1.2|0.2|1.8
597|Duop Reath|AUS|C|33|24.2|12.5|5.1|9.3|54.4|0.6|1.4|42.2|1.8|2.9|62.9|5.3|0.7|0.5|1.0|1.7
597|E.J. Crawford|IONA|G|33|26.8|12.5|4.4|9.6|46.1|1.5|4.5|33.8|2.2|2.7|80.0|3.4|1.1|0.6|0.3|1.0
600|Devin Harris|JAX|G|29|33.6|12.5|4.2|9.2|45.1|0.3|1.2|26.5|3.9|5.2|73.7|7.6|5.4|1.7|0.2|3.3
601|Desmond Bane|TCU|G|33|30.5|12.5|4.4|8.2|53.9|1.8|3.9|46.1|1.9|2.5|78.0|4.1|2.5|0.9|0.2|1.8
602|Stephan Jiggetts|USF|G|32|34.0|12.5|4.2|11.2|37.0|1.9|4.8|39.9|2.3|2.8|81.1|2.9|3.3|0.7|0.1|2.3
602|Isaac Fleming|ECU|G|30|32.1|12.5|4.8|10.8|44.4|0.8|2.9|26.4|2.1|3.2|66.0|3.8|4.8|1.2|0.1|3.6
602|Jacoby Ross|ALCN|G|26|24.8|12.5|4.1|9.7|41.9|1.8|4.8|37.9|2.5|3.2|79.5|1.8|2.3|0.7|0.0|1.8
605|Braian Angola-Rodas|FSU|G|35|27.5|12.5|3.9|9.3|41.7|1.8|4.9|37.6|2.9|3.5|83.7|3.9|3.0|1.3|0.3|2.1
606|Josh Nzeakor|LAM|F|33|27.9|12.5|4.7|9.2|51.3|0.0|0.0|0.0|3.1|5.1|60.7|7.5|0.7|0.8|0.5|1.8
607|Trent Frazier|ILL|G|32|26.3|12.5|4.4|10.8|40.5|1.9|5.5|34.7|1.8|2.8|64.4|1.8|3.1|1.7|0.0|2.2
608|Kerry Blackshear Jr.|FLA|F|33|25.2|12.5|4.2|7.5|55.8|0.5|1.5|30.6|3.6|4.8|74.7|5.9|1.2|0.8|0.9|1.5
608|Dennis Jones|PV|G|33|31.9|12.5|4.1|10.2|40.0|1.0|3.4|28.6|3.4|5.5|61.7|2.0|5.2|1.9|0.0|3.7
610|Ian DuBose|WAKE|C|31|28.6|12.5|4.2|10.3|40.6|1.1|3.2|35.0|3.0|4.8|62.0|5.5|2.0|1.4|0.4|2.2
611|DaQuan Bracey|LT|G|25|24.9|12.4|4.5|9.6|46.9|1.0|2.6|40.6|2.4|3.7|64.1|1.9|4.1|0.9|0.1|2.4
612|Nick Ward|MSU|F|35|18.9|12.4|4.6|7.1|64.8|0.0|0.0|100.0|3.1|5.1|62.1|7.1|0.5|0.3|1.3|1.7
613|Carl Pierre|RICE|G|33|31.2|12.4|4.3|9.6|44.3|2.8|5.9|47.2|1.1|1.3|81.8|2.2|1.1|0.6|0.3|1.0
614|Tarin Smith|CONN|G|32|28.5|12.4|4.2|10.0|41.4|1.2|3.7|33.3|2.9|4.4|65.7|3.0|3.2|1.0|0.5|2.2
614|Gabe Vincent|UCSB|G|32|29.1|12.4|4.3|9.6|45.0|1.7|4.6|37.7|2.1|2.6|80.5|1.9|3.3|1.1|0.2|1.2
616|Aaron Brennan|IUPU|F|30|27.3|12.4|4.7|10.1|46.4|1.0|2.8|34.5|2.1|2.6|79.7|4.5|1.6|1.0|0.6|1.8
616|Mack Smith|WMU|G|25|27.3|12.4|4.2|9.2|45.9|2.2|5.6|38.8|1.8|2.4|74.6|3.8|1.4|0.7|0.2|1.6
618|David DiLeo|CMU|F|36|33.6|12.4|3.9|10.0|39.0|2.7|7.6|34.9|1.9|2.4|80.5|6.6|1.4|0.9|0.3|0.8
619|Anders Broman|WIN|G|31|31.3|12.4|3.8|9.0|42.4|2.4|6.3|37.6|2.4|2.8|85.2|2.8|1.9|1.1|0.1|0.9
620|Fatodd Lewis|UTM|F|30|29.2|12.4|4.8|10.6|45.1|0.7|2.8|26.5|2.1|2.9|71.6|7.3|1.3|1.0|0.6|2.0
620|Shawn Williams|NICH|G|30|28.2|12.4|3.9|9.6|40.5|2.4|6.5|36.7|2.2|2.5|87.8|1.6|1.7|0.5|0.0|1.6
622|Kurk Lee|ALCN|G|33|35.9|12.4|4.5|11.6|38.5|1.5|4.5|34.2|1.9|2.5|75.9|3.4|3.2|1.2|0.1|2.3
623|Olin Carter |IIIUSD|G|34|34.8|12.4|4.2|10.7|39.0|2.6|7.2|35.7|1.4|1.8|79.0|3.0|1.6|1.0|0.6|1.1
624|Kerwin Roach|TEX|G|32|33.4|12.3|4.4|10.0|43.8|1.4|3.8|36.4|2.2|3.4|65.1|3.7|3.6|1.5|0.3|2.5
624|Tevin Foster|ACU|G|32|32.4|12.3|3.8|9.1|41.9|1.4|4.5|31.7|3.3|4.1|80.2|3.1|3.5|1.5|0.1|2.6
626|Miles Wright|DART|G|27|32.3|12.3|4.2|10.1|41.4|1.9|5.4|34.2|2.1|2.6|82.6|4.4|1.1|1.5|0.6|1.5
626|Ray Spalding|LOU|F|36|27.6|12.3|5.1|9.4|54.3|0.1|0.5|26.3|2.0|3.2|64.0|8.7|1.3|1.5|1.7|1.7
626|Admon Gilder|GONZ|G|30|32.0|12.3|4.2|9.2|45.8|1.6|4.0|39.5|2.3|2.8|82.1|4.1|2.6|1.2|0.2|1.7
629|Josh Perkins|GONZ|G|37|32.9|12.3|4.2|9.6|43.9|2.2|5.7|39.3|1.6|2.2|75.3|3.1|5.3|1.2|0.1|2.1
630|Payton Henson|UVM|F|34|31.2|12.3|4.3|9.5|45.0|1.1|2.6|40.4|2.7|3.4|80.9|5.5|1.6|0.3|0.3|1.7
631|Gerdarius Troutman|FAU|G|31|27.1|12.3|3.9|9.4|41.8|2.4|5.8|41.4|2.0|2.3|87.5|2.5|1.1|0.9|0.1|0.7
632|Marcus Shaver Jr.|BOIS|G|32|28.6|12.3|4.2|10.2|41.4|1.0|3.9|26.6|2.8|3.3|85.8|3.3|2.3|1.0|0.0|1.6
633|Ferron Flavors Jr.|RMU|G|33|31.3|12.3|4.1|11.5|35.4|2.9|8.6|33.6|1.3|1.8|74.1|3.6|1.1|0.6|0.0|0.8
634|Matt Harris|UML|G|30|31.3|12.3|3.6|9.2|39.4|2.4|6.6|37.1|2.6|3.0|86.7|3.3|0.8|0.9|0.1|1.7
635|Sean Tate|OSU|F|34|29.6|12.3|5.0|9.0|55.7|0.3|1.0|31.4|1.9|3.2|59.1|6.2|2.9|1.1|0.6|2.2
636|Lamar Morgan|COPP|G|31|31.1|12.3|3.8|9.9|38.3|2.8|7.7|37.0|1.8|2.3|81.4|5.1|0.4|0.7|0.2|1.7
637|Jaire Grayer|TCU|G|32|30.7|12.3|4.5|11.3|39.7|2.1|5.9|35.4|1.3|1.7|72.7|7.3|1.3|1.3|0.8|1.5
638|Zach Braxton|WEB|C|30|28.0|12.3|4.4|8.0|55.4|0.0|0.0|0.0|3.4|5.1|66.2|7.8|1.3|0.3|1.0|1.3
639|David Collette|UTAH|F|34|21.7|12.3|5.0|7.9|63.1|0.1|0.2|33.3|2.3|3.1|72.0|4.5|1.3|0.8|0.7|1.4
640|Daniel Simmons|SEMO|G|31|25.0|12.3|4.2|9.2|46.1|1.5|3.4|45.2|2.3|3.4|67.6|3.7|2.0|1.0|0.1|1.8
641|Dmitri Thompson|ELON|G|32|31.7|12.3|4.2|9.2|45.4|1.5|4.0|38.3|2.4|3.2|75.5|5.3|2.3|0.7|0.2|1.6
641|Damiyne Durham|CSUB|G|28|26.8|12.3|4.4|11.8|37.5|2.5|8.0|30.9|0.9|1.4|68.4|2.9|1.4|1.1|0.4|1.4
643|Devin Watson|SDSU|G|33|31.2|12.2|3.9|9.7|40.8|1.5|3.8|38.9|2.9|3.8|75.4|2.6|3.8|1.0|0.0|1.8
643|Shelton Mitchell|CLEM|G|33|33.4|12.2|3.7|9.3|39.9|1.5|4.1|36.8|3.3|3.8|85.7|3.0|3.6|0.8|0.0|2.0
643|Steven Whitley|NORF|G|33|28.7|12.2|4.4|9.8|44.6|0.9|2.7|34.8|2.6|3.9|65.4|5.7|4.7|1.6|0.1|3.1
646|Nate Navigato|TOL|F|34|32.6|12.2|3.9|8.6|45.1|2.8|6.5|42.7|1.7|2.2|78.4|4.2|1.8|0.4|0.5|0.6
647|A.J. Davis|UCF|F|31|33.0|12.2|3.8|8.8|43.6|1.0|2.9|33.0|3.6|5.2|68.9|7.6|2.2|0.9|0.4|2.1
647|Henry Caruso|SCU|F|31|36.0|12.2|3.9|8.1|48.0|1.0|2.7|36.1|3.5|4.1|84.3|7.0|1.7|1.2|0.2|1.4
649|Kevin McKay|CMU|G|34|27.1|12.2|4.5|8.2|55.4|0.4|1.1|37.8|2.7|3.2|86.1|6.5|1.9|1.8|0.6|1.9
650|Monte Buckingham|UNCG|G|30|31.7|12.2|4.0|9.1|43.8|1.2|3.6|32.4|3.0|3.9|77.8|7.0|3.4|1.0|0.4|2.7
